-- MySQL dump 10.13  Distrib 8.0.29, for Win64 (x86_64)
--
-- Host: localhost    Database: softwarelavanderia
-- ------------------------------------------------------
-- Server version	5.7.40-log

/*!40101 SET @OLD_CHARACTER_SET_CLIENT=@@CHARACTER_SET_CLIENT */;
/*!40101 SET @OLD_CHARACTER_SET_RESULTS=@@CHARACTER_SET_RESULTS */;
/*!40101 SET @OLD_COLLATION_CONNECTION=@@COLLATION_CONNECTION */;
/*!50503 SET NAMES utf8mb4 */;
/*!40103 SET @OLD_TIME_ZONE=@@TIME_ZONE */;
/*!40103 SET TIME_ZONE='+00:00' */;
/*!40014 SET @OLD_UNIQUE_CHECKS=@@UNIQUE_CHECKS, UNIQUE_CHECKS=0 */;
/*!40014 SET @OLD_FOREIGN_KEY_CHECKS=@@FOREIGN_KEY_CHECKS, FOREIGN_KEY_CHECKS=0 */;
/*!40101 SET @OLD_SQL_MODE=@@SQL_MODE, SQL_MODE='NO_AUTO_VALUE_ON_ZERO' */;
/*!40111 SET @OLD_SQL_NOTES=@@SQL_NOTES, SQL_NOTES=0 */;

--
-- Table structure for table `anticipo`
--

DROP TABLE IF EXISTS `anticipo`;
/*!40101 SET @saved_cs_client     = @@character_set_client */;
/*!50503 SET character_set_client = utf8mb4 */;
CREATE TABLE `anticipo` (
  `id` int(11) NOT NULL AUTO_INCREMENT,
  `folio` int(11) NOT NULL,
  `fecha` date DEFAULT NULL,
  `cantidad` decimal(10,2) DEFAULT NULL,
  `nombre` varchar(45) DEFAULT NULL,
  `apellido` varchar(45) DEFAULT NULL,
  `codigoC` int(11) NOT NULL,
  `Observaciones` varchar(250) DEFAULT NULL,
  `formaPago` int(10) DEFAULT NULL,
  `hora` time DEFAULT NULL,
  `idEmpleado` int(10) NOT NULL,
  PRIMARY KEY (`id`),
  KEY `fk_folio_idx` (`folio`),
  KEY `fk_cliente_idx` (`codigoC`),
  KEY `fk_empleado_idx` (`idEmpleado`),
  CONSTRAINT `fk_IdEmpleado` FOREIGN KEY (`idEmpleado`) REFERENCES `empleados` (`idempleados`) ON DELETE CASCADE ON UPDATE CASCADE,
  CONSTRAINT `fk_cliente` FOREIGN KEY (`codigoC`) REFERENCES `clientes` (`id`) ON DELETE CASCADE ON UPDATE CASCADE,
  CONSTRAINT `fk_nota` FOREIGN KEY (`folio`) REFERENCES `notas` (`folio`) ON DELETE CASCADE ON UPDATE CASCADE
) ENGINE=InnoDB AUTO_INCREMENT=3 DEFAULT CHARSET=utf8mb4;
/*!40101 SET character_set_client = @saved_cs_client */;

--
-- Dumping data for table `anticipo`
--

LOCK TABLES `anticipo` WRITE;
/*!40000 ALTER TABLE `anticipo` DISABLE KEYS */;
INSERT INTO `anticipo` VALUES (1,8080,'2023-02-10',2.00,'Isaias','Mendoza',17,'',1,'07:20:48',1),(2,8300,'2023-02-18',50.00,'Adbiel','Chavez',177,'',1,'20:47:39',1);
/*!40000 ALTER TABLE `anticipo` ENABLE KEYS */;
UNLOCK TABLES;

--
-- Table structure for table `cancelar`
--

DROP TABLE IF EXISTS `cancelar`;
/*!40101 SET @saved_cs_client     = @@character_set_client */;
/*!50503 SET character_set_client = utf8mb4 */;
CREATE TABLE `cancelar` (
  `idcancelar` int(11) NOT NULL AUTO_INCREMENT,
  `folio` int(11) NOT NULL,
  `fecha` date NOT NULL,
  `comentario` varchar(100) DEFAULT NULL,
  `idEmpleada` int(11) NOT NULL,
  `hora` time DEFAULT NULL,
  PRIMARY KEY (`idcancelar`),
  KEY `fk_cancelar_idx` (`folio`),
  KEY `fk_empleado_idx` (`idEmpleada`),
  KEY `fk_empleadoid_idx` (`idEmpleada`),
  CONSTRAINT `fk_cancelar` FOREIGN KEY (`folio`) REFERENCES `notas` (`folio`) ON DELETE CASCADE ON UPDATE CASCADE,
  CONSTRAINT `fk_empleadoid` FOREIGN KEY (`idEmpleada`) REFERENCES `empleados` (`idempleados`) ON DELETE CASCADE ON UPDATE CASCADE
) ENGINE=InnoDB DEFAULT CHARSET=utf8mb4;
/*!40101 SET character_set_client = @saved_cs_client */;

--
-- Dumping data for table `cancelar`
--

LOCK TABLES `cancelar` WRITE;
/*!40000 ALTER TABLE `cancelar` DISABLE KEYS */;
/*!40000 ALTER TABLE `cancelar` ENABLE KEYS */;
UNLOCK TABLES;

--
-- Table structure for table `clientes`
--

DROP TABLE IF EXISTS `clientes`;
/*!40101 SET @saved_cs_client     = @@character_set_client */;
/*!50503 SET character_set_client = utf8mb4 */;
CREATE TABLE `clientes` (
  `id` int(11) NOT NULL AUTO_INCREMENT,
  `nombre` varchar(45) NOT NULL,
  `apellido` varchar(45) NOT NULL,
  `telefono` varchar(45) NOT NULL,
  `adeudo` decimal(10,0) NOT NULL,
  `vecesAsistidas` int(11) NOT NULL,
  `correo` varchar(45) DEFAULT NULL,
  `direccion` varchar(200) DEFAULT NULL,
  `fechaCreacion` date DEFAULT NULL,
  `estado` int(1) DEFAULT '1',
  PRIMARY KEY (`id`)
) ENGINE=InnoDB AUTO_INCREMENT=257 DEFAULT CHARSET=utf8mb4;
/*!40101 SET character_set_client = @saved_cs_client */;

--
-- Dumping data for table `clientes`
--

LOCK TABLES `clientes` WRITE;
/*!40000 ALTER TABLE `clientes` DISABLE KEYS */;
INSERT INTO `clientes` VALUES (1,'Liliana','Pachuca','',0,1,'','\n','2023-01-31',1),(2,'Ana','Ponce','',0,2,'','\n','2023-01-31',1),(3,'Guadalupe','Ponce','',0,2,'','\n','2023-01-31',1),(4,'Maricarmen','Hipolito','',0,3,'','\n','2023-01-31',1),(5,'Maria','Isabel','',0,1,'','\n','2023-01-31',1),(6,'Roberto','Cruz','',0,2,'','\n','2023-01-31',1),(7,'Brenda','SA','',0,2,'','\n','2023-01-31',1),(8,'Axel','Ruiz','',0,2,'','\n','2023-01-31',1),(9,'Concepcion','Ruiz','',0,1,'','\n','2023-01-31',1),(10,'Yazmin','Fabiola','',0,1,'','\n','2023-01-31',1),(11,'Felipe','Moto','',0,3,'','\n','2023-01-31',1),(12,'Jorge','Luis','',0,4,'','\n','2023-02-01',1),(13,'Cesar','Mendoza','',0,6,'','\n','2023-02-01',1),(14,'Aurora','Pinacho','',0,3,'','\n','2023-02-01',1),(15,'Viridiana','Del Carmen','',0,2,'','\n','2023-02-01',1),(16,'Edwin ','Alvarez','',0,5,'','\n','2023-02-01',1),(17,'Isaias','Mendoza','',0,1,'','\n','2023-02-01',1),(18,'Isabel','Hugo','',0,1,'','\n','2023-02-01',1),(19,'Micaela','Molina','',0,2,'','\n','2023-02-01',1),(20,'Lizbeth','Santaella','',0,1,'','\n','2023-02-01',1),(21,'Samuel','Flores','',0,3,'','\n','2023-02-01',1),(22,'Uriel','Gomez','',0,4,'','\n','2023-02-01',1),(23,'Juan','Barranco','',0,2,'','\n','2023-02-01',1),(24,'Sofia','Vazco','',0,2,'','\n','2023-02-01',1),(25,'Diana','Ramirez','',0,2,'','\n','2023-02-01',1),(26,'Urbano','Domicilio','',0,2,'','\n','2023-02-01',1),(27,'Ericka','Zarate','',0,1,'','\n','2023-02-01',1),(28,'Jose','Salud','',0,1,'','\n','2023-02-01',1),(29,'David','Hernandez','',0,5,'','\n','2023-02-01',1),(30,'Noe','Hernandez','',0,5,'','\n','2023-02-02',1),(31,'Marcos','Martinez','',0,2,'','\n','2023-02-02',1),(32,'Maria','Magdalena','',0,1,'','\n','2023-02-02',1),(33,'Rufino','SA','',0,1,'','\n','2023-02-02',1),(34,'Irving','Lopez','',0,2,'','\n','2023-02-02',1),(35,'Monica','Lopez','',0,1,'','\n','2023-02-02',1),(36,'Julieta','SA','',0,6,'','\n','2023-02-02',1),(37,'Imelda','Vivas','',0,1,'','\n','2023-02-02',1),(38,'Noemi','SA','',0,4,'','\n','2023-02-02',1),(39,'Jonathan','Cabrera','',0,6,'','\n','2023-02-02',1),(40,'Esteban','Lopez','',0,6,'','\n','2023-02-02',1),(41,'Edgar','Santiago','',0,1,'','\n','2023-02-02',1),(42,'Noe','Enrique','',0,1,'','\n','2023-02-02',1),(43,'Adrian','Chavez','',0,1,'','\n','2023-02-02',1),(44,'Viviana','Juarez','',0,2,'','\n','2023-02-03',1),(45,'Juan','Enrique','',0,2,'','\n','2023-02-03',1),(47,'Jose','Hernandez','',0,6,'','\n','2023-02-03',1),(48,'Leonardo','Diaz','',0,4,'','\n','2023-02-03',1),(49,'Camilo','Reyes','',0,3,'','\n','2023-02-03',1),(50,'Nereida','Solano','',0,3,'','\n','2023-02-03',1),(51,'Isai','Martinez','',0,3,'','\n','2023-02-03',1),(52,'Alexis','Lopez','',0,3,'','\n','2023-02-03',1),(53,'Brayan','Aguilar','',0,3,'','\n','2023-02-03',1),(54,'Danilo','Ramirez','',0,4,'','\n','2023-02-03',1),(55,'Carmen','Aragon','',0,1,'','\n','2023-02-03',1),(56,'Jonathan','Diaz','',0,4,'','\n','2023-02-04',1),(57,'Candy','Martinez','',0,5,'','\n','2023-02-04',1),(58,'Alejandro','Jarquin','',0,1,'','\n','2023-02-04',1),(59,'Carlos','Joel','',0,3,'','\n','2023-02-04',1),(60,'Roberto','Hernandez','',0,5,'','\n','2023-02-04',1),(61,'Rosa','Ramona','',0,5,'','\n','2023-02-04',1),(62,'Esmeralda','Jimenez','',0,1,'','\n','2023-02-04',1),(63,'Marcos','Jarquin','',0,3,'','\n','2023-02-04',1),(64,'Teresa','Cruz','',0,1,'','\n','2023-02-04',1),(65,'Elena','Martinez','',0,5,'','\n','2023-02-04',1),(66,'Mario','Cabrera','',0,2,'','\n','2023-02-04',1),(67,'Marco','Antonio','',0,1,'','\n','2023-02-04',1),(68,'Jesus','Silva','',0,4,'','\n','2023-02-04',1),(69,'Miguel','Plaza','',0,5,'','\n','2023-02-04',1),(70,'Graciela','Flores','',0,1,'','\n','2023-02-04',1),(71,'Lourdes','SA','',0,3,'','\n','2023-02-04',1),(72,'Maria','Rosa','',0,1,'','\n','2023-02-04',1),(73,'Nancy','Romero','',0,1,'','\n','2023-01-01',1),(74,'Maricela','Velazquez','',0,2,'','\n','2023-01-01',1),(75,'Cesar','Tijerina','',0,2,'','\n','2023-01-01',1),(76,'Magali','Rueda','',0,4,'','\n','2023-01-01',1),(77,'Alejandro','Hernandez','',0,5,'','\n','2023-01-01',1),(78,'Kevin','Valencia','',0,3,'','\n','2023-01-01',1),(79,'Leticia','Aguilar','',0,1,'','\n','2023-01-01',1),(80,'Viridiana','Calvo','',0,2,'','\n','2023-01-01',1),(81,'Yair','PErez','',0,1,'','\n','2023-01-01',1),(82,'Gabriel','Meza','',0,1,'','\n','2023-01-01',1),(83,'Cinthia','Santos','',0,2,'','\n','2023-01-01',1),(84,'Marisol','Cornejo','',0,1,'','\n','2023-01-01',1),(85,'Oscar','Ramirez','',0,1,'','\n','2023-01-01',1),(86,'Cristina','SA','',0,2,'','\n','2023-01-01',1),(87,'Abel','Guzman','',0,1,'','\n','2023-01-01',1),(88,'Carmen','Reyna','',0,2,'','\n','2023-01-01',1),(89,'Edgar','Anano','',0,3,'','\n','2023-01-01',1),(90,'Liliana','Alto','',0,4,'','\n','2023-01-01',1),(91,'Erick','Ayuzo','',0,2,'','\n','2023-02-07',1),(92,'Angelica','Garcia','',0,1,'','\n','2023-02-07',1),(93,'Enrique','Lopez','',0,1,'','\n','2023-02-07',1),(94,'Jaime','Ramos','',0,2,'','\n','2023-02-07',1),(95,'Alfredo','SA','',0,3,'','\n','2023-02-07',1),(96,'Emilio','Julian','',0,4,'','\n','2023-02-07',1),(97,'Beling','Habana','',0,1,'','\n','2023-02-07',1),(98,'Ricardo','Sibaja','',0,4,'','\n','2023-02-07',1),(99,'Fernando','Gonzales','',0,3,'','\n','2023-02-07',1),(100,'Manuel','Gomez','',0,3,'','\n','2023-02-07',1),(101,'Roberto','Gutierrez','',0,2,'','\n','2023-02-07',1),(102,'Gabriel','Robles','',0,1,'','\n','2023-02-07',1),(103,'Donaji','Garcia','',0,1,'','\n','2023-02-07',1),(104,'Nelsi','Aparicio','',0,1,'','\n','2023-02-07',1),(105,'Taller','Alado','',0,5,'','\n','2023-02-08',1),(106,'Maria','De los angeles','',0,1,'','\n','2023-02-08',1),(107,'Paco','Gil','',0,1,'','\n','2023-02-08',1),(108,'Noemi','Hernandez','',0,2,'','\n','2023-02-08',1),(109,'Alamos','Domicilio','',0,1,'','\n','2023-02-08',1),(110,'Yahuiche','Domicilio','',0,1,'','\n','2023-02-08',1),(111,'Elizabeth','Vera','',0,3,'','\n','2023-02-08',1),(112,'Cesar','Martinez','',0,3,'','\n','2023-02-08',1),(113,'Judith','Gonzales','',0,1,'','\n','2023-02-08',1),(114,'Guillermo','Ramirez','',0,1,'','\n','2023-02-08',1),(115,'Cinthia','Acosta','',0,1,'','\n','2023-02-09',1),(116,'David','Pablo','',0,1,'','\n','2023-02-09',1),(117,'Cristian','Larios','',0,2,'','\n','2023-02-09',1),(118,'Oscar','Fernandez','',0,4,'','\n','2023-02-09',1),(119,'Melvin','Gonzales','',0,1,'','\n','2023-02-09',1),(120,'Jose','Santiago','',0,3,'','\n','2023-02-09',1),(121,'Josefina','Hernandez','',0,1,'','\n','2023-02-09',1),(122,'Carlos','Barajas','',0,1,'','\n','2023-02-09',1),(123,'Jaziel','Martinez','',0,2,'','\n','2023-02-09',1),(124,'Alexia','Mendez','',0,1,'','\n','2023-02-09',1),(125,'Keyla','SA','',0,1,'','\n','2023-02-10',1),(126,'Viridiana','Cuevas','',0,6,'','\n','2023-02-10',1),(127,'Jose','Ramon','',0,1,'','\n','2023-02-10',1),(128,'Maria','Del Carmen','',0,1,'','\n','2023-02-10',1),(129,'Bernardo','SA','',0,2,'','\n','2023-02-10',1),(130,'Ruth','Jimenez','',0,2,'','\n','2023-02-10',1),(131,'Andrea','Fuentes','',0,3,'','\n','2023-02-10',1),(132,'Aimar','Pascual','',0,1,'','\n','2023-02-10',1),(133,'Beatriz','Mendoza','',0,1,'','\n','2023-02-11',1),(134,'Jaime','Garcia','',0,1,'','\n','2023-02-11',1),(135,'Valentina','Gallardo','',0,2,'','\n','2023-02-11',1),(136,'Gerardo','Noe','',0,3,'','\n','2023-02-11',1),(137,'Enrique','Velazco','',0,1,'','\n','2023-02-11',1),(138,'Herminio','Vazquez','',0,1,'','\n','2023-02-13',1),(139,'Julio','Martinez','',0,1,'','\n','2023-02-13',1),(140,'Nahum','Villavicencio','',0,1,'','\n','2023-02-13',1),(141,'Jose','Salvador','',0,2,'','\n','2023-02-13',1),(142,'Jesus','Velazquez','',0,1,'','\n','2023-02-13',1),(143,'Daniel','Galeana','',0,2,'','\n','2023-02-13',1),(144,'Francisco','Heras','',0,2,'','\n','2023-02-13',1),(145,'Marcos','Velazquez','',0,1,'','\n','2023-02-13',1),(146,'Romel','Medina','',0,2,'','\n','2023-02-13',1),(147,'Joel','Juan','',0,1,'','\n','2023-02-14',1),(148,'Leonardo','Lopez','',0,1,'','\n','2023-02-14',1),(149,'Vicente','Santos','',0,3,'','\n','2023-02-14',1),(150,'Gabriel','Tolentino','',0,1,'','\n','2023-02-16',1),(151,'Hector','Franco','',0,2,'','\n','2023-02-16',1),(152,'Misael','SA','',0,2,'','\n','2023-02-16',1),(153,'Gelasio','SA','',0,1,'','\n','2023-02-16',1),(154,'Andres','SA','',0,1,'','\n','2023-02-16',1),(155,'Kevin','Yael','',0,1,'','\n','2023-02-16',1),(156,'Carlos','Miguel','',0,1,'','\n','2023-02-16',1),(157,'Jazmin','SA','',0,1,'','\n','2023-02-16',1),(158,'Mario','Tenorio','',0,1,'','\n','2023-02-16',1),(159,'Ana','Mendez','',0,1,'','\n','2023-02-17',1),(160,'Josue','Hernandez','',0,1,'','\n','2023-02-17',1),(161,'David','Garcia','',0,1,'','\n','2023-02-17',1),(162,'Rodrigo','Crespo','',0,1,'','\n','2023-02-17',1),(163,'Enrique','Cruz','',0,2,'','\n','2023-02-17',1),(164,'Erick','SA','',0,1,'','\n','2023-02-17',1),(165,'Renata','Ariza','',0,1,'','\n','2023-02-17',1),(166,'Nayeli','Guzman','',0,1,'','\n','2023-02-17',1),(167,'Adrian','Martinez','',0,1,'','\n','2023-02-17',1),(168,'Daniel','Romero','',0,0,'','\n','2023-02-17',1),(169,'Carolina','Juarez','',0,2,'','\n','2023-02-17',1),(170,'Oscar','Gomez','',0,1,'','\n','2023-02-18',1),(171,'Cristina','Manzano','',0,2,'','\n				','2023-02-18',1),(172,'Lucina','Cruz','',0,1,'','\n','2023-02-18',1),(173,'Adan','Alfonso','',0,1,'','\n','2023-02-18',1),(174,'Rodrigo','Molina','',0,3,'','\n','2023-02-18',1),(175,'Diana','Isabel','',0,1,'','\n','2023-02-18',1),(176,'Michelle','Escalona','',0,2,'','\n','2023-02-18',1),(177,'Adbiel','Chavez','',0,1,'','\n','2023-02-18',1),(178,'Monserrat','Aparicio','',0,2,'','\n','2023-02-18',1),(179,'Ury','Rojas','',0,1,'','\n','2023-02-18',1),(180,'Crisforo','SA','',0,2,'','\n','2023-02-18',1),(181,'Karina ','Sa','',0,1,'','\n','2023-02-18',1),(182,'Yaretzi','Hernandez','',0,1,'','\n','2023-02-18',1),(183,'Gamaliel','SA','',0,1,'','\n','2023-02-18',1),(184,'Judith','Jimenez','',0,1,'','\n','2023-02-18',1),(185,'Eduardo','Rodriguez','',0,1,'','\n','2023-02-18',1),(186,'Jaime','Renteria','',0,1,'','\n','2023-02-18',1),(187,'Azucena','Perez','',0,2,'','\n','2023-02-18',1),(188,'Leonardo','Lara','',0,1,'','\n','2023-02-18',1),(189,'Leticia','Vazquez','',0,3,'','\n','2023-02-27',1),(190,'Rosi','Itandewi','',0,1,'','\n','2023-02-27',1),(191,'Bulmaro','De los Santos','',0,1,'','\n','2023-02-27',1),(192,'Diego','Armando','',0,1,'','\n','2023-02-27',1),(193,'Esteban','Reyes','',0,1,'','\n','2023-02-22',1),(194,'Agustina','Hernandez','',0,1,'','\n','2023-02-22',1),(195,'Norma','Espinoza','',0,1,'','\n','2023-02-22',1),(196,'Llantera','SA','',0,1,'','\n','2023-02-22',1),(197,'Karina','Contreras','',0,1,'','\n','2023-02-22',1),(198,'Eder','Santos','',0,1,'','\n','2023-02-23',1),(199,'Jared','Lauriano','',0,1,'','\n','2023-02-23',1),(200,'Maribel','Gutierrez','',0,1,'','\n','2023-02-23',1),(201,'Rocio','Rodriguez','',0,2,'','\n','2023-02-23',1),(202,'Claudia','Garzon','',0,1,'','\n','2023-02-23',1),(203,'Viridiana','Juarez','',0,1,'','\n','2023-02-24',1),(204,'Liliana','Vazquez','',0,3,'','\n','2023-02-24',1),(205,'Guillermo','Aragon','',0,1,'','\n','2023-02-24',1),(206,'Abdias','Chavez','',0,1,'','\n','2023-02-25',1),(207,'Guadalaja','Calle','',0,1,'','\n','2023-02-25',1),(208,'Luis','Enrique','',0,1,'','\n','2023-02-25',1),(209,'Martha','Ramirez','',0,1,'','\n','2023-02-25',1),(210,'Manuel','Galvan','',0,1,'','\n','2023-02-25',1),(211,'Damaris','Contreras','',0,1,'','\n','2023-02-25',1),(212,'Graciela','Cruz','',0,1,'','\n','2023-02-25',1),(213,'Irving','Navarro','',0,1,'','\n','2023-02-25',1),(214,'Leonardo','Carbajal','',0,1,'','\n','2023-02-25',1),(215,'Cristal','SA','',0,1,'','\n','2023-02-25',1),(216,'Ruth','Mendoza','',0,2,'','\n','2023-02-25',1),(217,'Juan','Miguel','',0,2,'','\n','2023-02-25',1),(218,'Sonia','SA','',0,1,'','\n','2023-02-27',1),(219,'Jose','Carballo','',0,1,'','\n','2023-02-27',1),(220,'Andrea','Acevedo','',0,1,'','\n','2023-02-27',1),(221,'Francisco','Martinez','',0,1,'','\n','2023-02-27',1),(222,'Ruben','Trinidad','',0,1,'','\n','2023-02-27',1),(223,'Abiud','Sanchez','',0,1,'','\n','2023-02-28',1),(224,'Lizbeth','Calderon','',0,1,'','\n','2023-02-28',1),(225,'Eduardo','Terrazas','',0,1,'','\n','2023-02-28',1),(226,'Alina','Edith','',0,1,'','\n','2023-02-28',1),(227,'Leticia','Jimenez','',0,1,'','\n','2023-02-28',1),(228,'Palet','Contreras','',0,1,'','\n','2023-03-01',1),(229,'Wong','SA','',0,1,'','\n','2023-03-01',1),(230,'Milton','Baez','',0,1,'','\n','2023-03-01',1),(231,'Alejandro ','Olvera','',0,1,'','\n','2023-03-01',1),(232,'Sergio','Silva','',0,1,'','\n','2023-03-01',1),(233,'Paola','Aviles','',0,1,'','\n','2023-03-01',1),(234,'Ariel','Gonzalez','',0,1,'','\n','2023-03-01',1),(235,'Soledad','Trujillo','',0,1,'','\n','2023-03-01',1),(236,'Victor','Garcia','',0,1,'','\n','2023-03-01',1),(237,'Diana','Elizabeth','',0,1,'','\n','2023-03-01',1),(238,'Miguel','Ayuzo','',0,1,'','\n','2023-03-01',1),(239,'Ebaristo','Bernal','',0,2,'','\n','2023-03-02',1),(240,'Aracely','Cruz','',0,1,'','\n','2023-03-02',1),(241,'Rosario','Rivera','',0,1,'','\n','2023-03-02',1),(242,'Eder','Cortez','',0,1,'','\n','2023-03-02',1),(243,'Margot','SA','',0,1,'','\n','2023-03-02',1),(244,'Cristian','Cruz','',0,1,'','\n','2023-03-02',1),(245,'Jairo','Hernandez','',0,1,'','\n','2023-03-03',1),(246,'Neftali','Rabiel','',0,1,'','\n','2023-03-03',1),(247,'Catalina','Manzano','',0,1,'','\n','2023-03-03',1),(248,'Claudia','SA','',0,1,'','\n','2023-03-03',1),(249,'Zoila','Velazco','',0,1,'','\n','2023-03-03',1),(250,'Edgar','De Jesus','',0,1,'','\n','2023-03-03',1),(251,'Adrian','Patricio','',0,1,'','\n','2023-03-03',1),(252,'Eduardp','Ivanes','',0,1,'','\n','2023-03-03',1),(253,'Guadalupe','Nogales','',0,1,'','\n','2023-03-04',1),(254,'Irving','Velazquez','',0,1,'','\n','2023-03-04',1),(255,'Carlos ','Munoz','',0,1,'','\n','2023-03-04',1),(256,'Humberto','Robles','',0,1,'','\n','2023-03-04',1);
/*!40000 ALTER TABLE `clientes` ENABLE KEYS */;
UNLOCK TABLES;

--
-- Table structure for table `config`
--

DROP TABLE IF EXISTS `config`;
/*!40101 SET @saved_cs_client     = @@character_set_client */;
/*!50503 SET character_set_client = utf8mb4 */;
CREATE TABLE `config` (
  `id` int(11) NOT NULL AUTO_INCREMENT,
  `rfc` varchar(45) NOT NULL,
  `nombre` varchar(45) NOT NULL,
  `telefono` varchar(45) NOT NULL,
  `razonSocial` varchar(45) NOT NULL,
  `direccion` varchar(200) NOT NULL,
  PRIMARY KEY (`id`)
) ENGINE=InnoDB AUTO_INCREMENT=2 DEFAULT CHARSET=utf8mb4;
/*!40101 SET character_set_client = @saved_cs_client */;

--
-- Dumping data for table `config`
--

LOCK TABLES `config` WRITE;
/*!40000 ALTER TABLE `config` DISABLE KEYS */;
INSERT INTO `config` VALUES (1,'fff','LAVANDERIA GL TECNOLOGICO','9511672448','-','Av. Montoya #100-A Col. Casa Blanca Oaxaca de Juarez, CP 68140');
/*!40000 ALTER TABLE `config` ENABLE KEYS */;
UNLOCK TABLES;

--
-- Table structure for table `corte`
--

DROP TABLE IF EXISTS `corte`;
/*!40101 SET @saved_cs_client     = @@character_set_client */;
/*!50503 SET character_set_client = utf8mb4 */;
CREATE TABLE `corte` (
  `id` int(11) NOT NULL AUTO_INCREMENT,
  `fechaInicio` date DEFAULT NULL,
  `horaInicio` time DEFAULT NULL,
  `saldoInicial` decimal(10,0) DEFAULT NULL,
  `totalVentas` decimal(10,0) DEFAULT '0',
  `totalCobros` decimal(10,0) DEFAULT '0',
  `saldoEnCaja` decimal(10,0) DEFAULT '0',
  `totalGastos` decimal(10,0) DEFAULT '0',
  `efectivo` decimal(10,0) DEFAULT '0',
  `diferencia` decimal(10,0) DEFAULT '0',
  `retiro` decimal(10,0) DEFAULT '0',
  `saldoFinal` decimal(10,0) DEFAULT '0',
  `persona` varchar(45) DEFAULT '',
  `fechaCierre` date DEFAULT NULL,
  `horaCierre` time DEFAULT NULL,
  PRIMARY KEY (`id`)
) ENGINE=InnoDB AUTO_INCREMENT=60 DEFAULT CHARSET=utf8mb4;
/*!40101 SET character_set_client = @saved_cs_client */;

--
-- Dumping data for table `corte`
--

LOCK TABLES `corte` WRITE;
/*!40000 ALTER TABLE `corte` DISABLE KEYS */;
INSERT INTO `corte` VALUES (31,'2023-01-25','08:00:00',298,30,10,308,0,308,0,200,108,'Leonardo','2023-01-25','15:15:11'),(32,'2023-01-31','08:00:00',1266,1333,245,904,607,904,0,700,204,'Leonardo','2023-01-31','21:07:49'),(33,'2023-02-01','08:00:00',1571,2030,265,1836,0,1836,0,1500,336,'Leonardo','2023-02-01','08:38:13'),(34,'2023-02-02','08:00:00',1843,2190,1424,2567,700,2567,0,2000,567,'Leonardo','2023-02-02','20:45:18'),(35,'2023-02-03','08:00:00',598,1299,876,1438,36,1438,0,1000,438,'Leonardo','2023-02-03','21:42:07'),(36,'2023-02-04','08:00:00',1220,1914,2131,3351,0,3350,1,3000,350,'Leonardo','2023-02-04','09:02:41'),(37,'2023-02-07','08:00:00',454,2825,1859,2313,0,2232,81,1800,432,'Leonardo','2023-02-07','20:38:07'),(38,'2023-02-08','08:00:00',432,1993,1808,2240,0,2239,1,1700,539,'Leonardo','2023-02-08','21:24:12'),(39,'2023-02-09','08:00:00',539,2035,1439,1978,0,1978,0,1678,300,'Leonardo','2023-02-09','06:41:08'),(40,'2023-02-10','08:00:00',300,1255,1819,2119,0,2119,0,1623,496,'Leonardo','2023-02-10','08:10:18'),(41,'2023-02-11','08:00:00',496,1043,2344,2795,45,2795,0,2386,409,'Leonardo','2023-02-11','20:33:15'),(42,'2023-02-13','08:00:00',409,2304,1982,2391,0,2391,0,2007,384,'Leonardo','2023-02-13','20:27:43'),(43,'2023-02-14','08:00:00',384,1074,940,218,1106,218,0,0,218,'Leonardo','2023-02-14','06:07:42'),(44,'2023-02-15','08:00:00',218,1722,1509,1727,0,1736,-9,1400,336,'Leonardo','2023-02-15','18:41:49'),(45,'2023-02-16','08:00:00',336,1568,1679,2015,0,1997,18,1600,397,'Leonardo','2023-02-16','18:59:39'),(46,'2023-02-17','08:00:00',397,2182,2038,2435,0,2446,-11,1900,546,'Leonardo','2023-02-17','19:33:06'),(47,'2023-02-18','08:00:00',576,2018,2087,2663,0,2661,2,2300,361,'Leonardo','2023-02-18','20:48:14'),(48,'2023-02-20','08:00:00',361,2948,1770,2131,0,2127,4,1800,327,'Leonardo','2023-02-20','21:11:50'),(49,'2023-02-21','08:00:00',327,1091,2404,2731,0,2726,5,2000,726,'Leonardo','2023-02-27','21:38:57'),(50,'2023-02-22','08:00:00',726,1936,2317,2634,409,2612,22,2200,412,'Leonardo','2023-02-22','22:00:21'),(51,'2023-02-23','08:00:00',412,1114,840,1252,0,1277,-25,800,477,'Leonardo','2023-02-23','22:10:26'),(52,'2023-02-24','08:00:00',477,1163,1275,1752,0,1752,0,1400,352,'Leonardo','2023-02-24','22:22:46'),(53,'2023-02-25','08:00:00',352,2698,2847,3199,0,3219,-20,2800,419,'Leonardo','2023-02-25','20:37:30'),(54,'2023-02-27','08:00:00',479,2380,1240,986,733,976,10,600,376,'Leonardo','2023-02-27','21:03:09'),(55,'2023-02-28','08:00:00',376,1070,1255,1601,30,1610,-9,1200,410,'Leonardo','2023-02-28','21:15:26'),(56,'2023-03-01','08:00:00',410,2246,2251,2661,0,2650,11,2200,450,'Leonardo','2023-03-01','21:47:08'),(57,'2023-03-02','08:00:00',450,2771,1136,1586,0,1570,16,1200,370,'Leonardo','2023-03-02','22:13:24'),(58,'2023-03-03','08:00:00',370,2170,2930,3300,0,3235,65,2800,435,'Leonardo','2023-03-03','22:39:22'),(59,'2023-03-04','08:00:00',435,0,0,0,0,0,0,0,0,'',NULL,NULL);
/*!40000 ALTER TABLE `corte` ENABLE KEYS */;
UNLOCK TABLES;

--
-- Table structure for table `detalle`
--

DROP TABLE IF EXISTS `detalle`;
/*!40101 SET @saved_cs_client     = @@character_set_client */;
/*!50503 SET character_set_client = utf8mb4 */;
CREATE TABLE `detalle` (
  `id` int(50) NOT NULL AUTO_INCREMENT,
  `idVenta` int(11) NOT NULL,
  `cantidad` decimal(10,0) NOT NULL,
  `descripcion` varchar(45) NOT NULL,
  `precioUnitario` decimal(10,0) NOT NULL,
  `precioFinal` decimal(10,0) NOT NULL,
  `detalle` varchar(100) DEFAULT NULL,
  `codigoPrecio` int(5) NOT NULL,
  PRIMARY KEY (`id`),
  KEY `fk_folio_idx` (`idVenta`),
  KEY `fk_precio_idx` (`codigoPrecio`),
  CONSTRAINT `fk_precio` FOREIGN KEY (`codigoPrecio`) REFERENCES `precios` (`idprecios`) ON DELETE CASCADE ON UPDATE CASCADE
) ENGINE=InnoDB AUTO_INCREMENT=506 DEFAULT CHARSET=utf8mb4;
/*!40101 SET character_set_client = @saved_cs_client */;

--
-- Dumping data for table `detalle`
--

LOCK TABLES `detalle` WRITE;
/*!40000 ALTER TABLE `detalle` DISABLE KEYS */;
INSERT INTO `detalle` VALUES (1,8063,11,'Kg ropa',15,168,'',1),(2,8065,6,'Kg ropa',15,90,'',1),(3,8066,1,'Toalla',10,10,'',2),(4,8066,3,'Kg ropa',15,45,'',1),(5,8067,194,'Comodin',1,194,'',3),(6,8068,7,'Kg ropa',15,102,'',1),(7,8069,131,'Comodin',1,131,'',3),(8,8070,12,'Kg ropa',15,183,'',1),(9,8071,5,'Kg ropa',15,78,'',1),(10,8072,95,'Comodin',1,95,'',3),(11,8073,1,'Cobija Matrimonial',50,50,'',4),(12,8074,1,'Cobija Matrimonial',50,50,'',4),(13,8074,1,'Toalla',10,10,'',2),(14,8074,127,'Comodin',1,127,'',3),(15,8075,8,'Kg ropa',15,114,'',1),(16,8076,6,'Kg ropa',15,90,'',1),(17,8077,10,'Kg ropa',15,150,'',1),(18,8078,1,'Cobija Matrimonial',50,50,'',4),(19,8079,118,'Comodin',1,118,'',3),(20,8080,82,'Comodin',1,82,'',3),(21,8081,118,'Comodin',1,118,'',3),(22,8082,5,'Cobija Matrimonial',50,250,'',4),(23,8083,6,'Kg ropa',15,87,'',1),(24,8084,4,'Kg ropa',15,57,'',1),(25,8085,8,'Kg ropa',15,120,'',1),(26,8086,188,'Comodin',1,188,'',3),(27,8087,9,'Kg ropa',15,138,'',1),(28,8088,7,'Kg ropa',15,105,'',1),(29,8088,1,'Toalla',10,10,'',2),(30,8089,6,'Kg ropa',15,90,'',1),(31,8090,2,'Cobija Matrimonial',50,100,'',4),(32,8091,2,'Cobija Matrimonial',50,100,'',4),(33,8092,5,'Planchado',10,50,'',5),(34,8092,5,'Gancho',3,13,'',6),(35,8093,7,'Kg ropa',15,105,'',1),(36,8094,3,'Kg ropa',15,45,'',1),(37,8094,1,'Toalla',10,10,'',2),(38,8095,11,'Kg ropa',15,171,'',1),(39,8095,2,'Toalla',10,20,'',2),(40,8096,3,'Kg ropa',15,45,'',1),(41,8097,9,'Kg ropa',15,135,'',1),(42,8098,77,'Comodin',1,77,'',3),(43,8099,6,'Kg ropa',15,90,'',1),(44,8099,1,'Cobija Matrimonial',50,50,'',4),(45,8100,13,'Kg ropa',15,192,'',1),(46,8101,16,'Kg ropa',15,240,'',1),(47,8101,2,'Toalla',10,20,'',2),(48,8102,188,'Comodin',1,188,'',3),(49,8103,10,'Kg ropa',15,144,'',1),(50,8104,1,'Docena Planchado',108,108,'',7),(51,8105,10,'Kg ropa',15,144,'',1),(52,8106,166,'Comodin',1,166,'',3),(53,8107,2,'Cobijas Promocion',120,240,'',8),(54,8108,82,'Comodin',1,82,'',3),(55,8109,3,'Kg ropa',15,45,'',1),(56,8110,172,'Comodin',1,172,'',3),(57,8111,7,'Kg ropa',15,105,'',1),(58,8111,1,'Docena Planchado',108,108,'',7),(59,8111,2,'Planchado',10,20,'',5),(60,8112,6,'Kg ropa',15,90,'',1),(61,8113,12,'Kg ropa',15,186,'',1),(62,8113,1,'Toalla',10,10,'',2),(63,8114,3,'Kg ropa',15,48,'',1),(64,8115,4,'Kg ropa',15,66,'',1),(65,8116,1,'Cobijas Promocion',120,120,'',8),(66,8116,3,'Toalla',10,30,'',2),(67,8117,3,'Kg ropa',15,45,'',1),(68,8118,52,'Comodin',1,52,'',3),(69,8119,1,'Cobijas Promocion',120,120,'',8),(70,8120,5,'Kg ropa',15,77,'',1),(71,8121,9,'Kg ropa',15,129,'',1),(72,8121,1,'Toalla',10,10,'',2),(73,8122,1,'Cobija Matrimonial',50,50,'',4),(74,8123,3,'Kg ropa',15,51,'',1),(75,8124,79,'Comodin',1,79,'',3),(76,8125,18,'Kg ropa interior',17,298,'',9),(77,8126,4,'Kg ropa',15,66,'',1),(78,8127,3,'Kg ropa',15,45,'',1),(79,8128,1,'Cobijas Promocion',120,120,'',8),(80,8129,3,'Kg ropa',15,45,'',1),(81,8130,1,'Cobija Matrimonial',50,50,'',4),(82,8131,118,'Comodin',1,118,'',3),(83,8132,82,'Comodin',1,82,'',3),(84,8133,4,'Kg ropa',15,54,'',1),(85,8134,20,'Kg ropa',15,300,'',1),(86,8134,1,'Cobija Matrimonial',50,50,'',4),(87,8134,1,'Cobijas Promocion',120,120,'',8),(88,8134,2,'Toalla',10,20,'',2),(89,8135,2,'Cobija Matrimonial',50,100,'',4),(90,8136,1,'Cobija Matrimonial',50,50,'',4),(91,8137,5,'Toalla',10,50,'',2),(92,8137,1,'Sabana',15,15,'',10),(93,8137,1,'Cobija Matrimonial',50,50,'',4),(94,8137,1,'Cobijas Promocion',120,120,'',8),(95,8138,1,'Cobija Matrimonial',50,50,'',4),(96,8139,1,'Docena Planchado',108,108,'',7),(97,8139,148,'Comodin',1,148,'',3),(98,8140,7,'Kg ropa',15,111,'',1),(99,8141,7,'Kg ropa',15,101,'',1),(100,8142,14,'Kg ropa',15,203,'',1),(101,8142,1,'Toalla',10,10,'',2),(102,8143,1,'Cobijas Promocion',120,120,'',8),(103,8144,70,'Comodin',1,70,'',3),(104,8145,2,'Cobija Matrimonial',50,100,'',4),(105,8146,2,'Cobija Matrimonial',50,100,'',4),(106,8147,10,'Kg ropa',15,155,'',1),(107,8148,12,'Kg ropa',15,185,'',1),(108,8149,9,'Kg ropa',15,132,'',1),(109,8150,93,'Comodin',1,93,'',3),(110,8151,7,'Kg ropa',15,98,'',1),(111,8152,6,'Kg ropa interior',17,97,'',9),(112,8153,6,'Kg ropa',15,96,'',1),(113,8154,5,'Kg ropa',15,75,'',1),(114,8154,2,'Gancho',3,5,'',6),(115,8154,2,'Planchado',10,20,'',5),(116,8155,4,'Kg ropa',15,53,'',1),(117,8156,2,'Toalla',10,20,'',2),(118,8157,2,'Cobija Matrimonial',50,100,'',4),(119,8158,4,'Kg ropa',15,60,'',1),(120,8158,2,'Toalla',10,20,'',2),(121,8158,1,'Cobijas Promocion',120,120,'',8),(122,8137,107,'Comodin',1,107,'',3),(123,8138,1,'Cobijas Promocion',120,120,'',8),(124,8138,2,'Cobija Matrimonial',50,100,'',4),(125,8139,4,'Kg ropa',15,54,'',1),(126,8140,6,'Kg ropa',15,90,'',1),(127,8141,80,'Comodin',1,80,'',3),(128,8142,6,'Kg ropa',15,89,'',1),(129,8143,2,'Cobija Matrimonial',50,100,'',4),(130,8143,1,'Cobijas Promocion',120,120,'',8),(131,8144,9,'Kg ropa',15,128,'',1),(132,8145,2,'Cobija Matrimonial',50,100,'',4),(133,8146,122,'Comodin',1,122,'',3),(134,8147,8,'Kg ropa',15,119,'',1),(135,8148,235,'Comodin',1,235,'',3),(136,8149,170,'Comodin',1,170,'',3),(137,8150,1,'Docena Planchado',108,108,'',7),(138,8150,6,'Planchado',10,60,'',5),(139,8151,11,'Kg ropa',15,167,'',1),(140,8152,3,'Cobijas Promocion',120,360,'',8),(141,8152,2,'Toalla',10,20,'',2),(142,8153,3,'Kg ropa',15,45,'',1),(143,8154,1,'Cobijas Promocion',120,120,'',8),(144,8155,14,'Kg ropa',15,213,'',1),(145,8156,9,'Kg ropa',15,129,'',1),(146,8157,65,'Comodin',1,65,'',3),(147,8158,12,'Kg ropa',15,173,'',1),(148,8159,2,'Cobija Matrimonial',50,100,'',4),(149,8160,6,'Kg ropa',15,83,'',1),(150,8161,5,'Kg ropa',15,80,'',1),(151,8162,7,'Kg ropa',15,104,'',1),(152,8163,39,'Comodin',1,39,'',3),(153,8164,1,'Cobijas Promocion',120,120,'',8),(154,8164,2,'Kg ropa',15,30,'',1),(155,8165,6,'Cobijas Promocion',120,720,'',8),(156,8165,11,'Comodin',1,11,'',3),(157,8166,4,'Kg ropa',15,63,'',1),(158,8167,5,'Kg ropa',15,81,'',1),(159,8168,3,'Kg ropa',15,47,'',1),(160,8169,2,'Cobija Matrimonial',50,100,'',4),(161,8170,5,'Planchado',10,50,'',5),(162,8171,14,'Kg ropa',15,209,'',1),(163,8171,1,'Toalla',10,10,'',2),(164,8172,5,'Kg ropa',15,75,'',1),(165,8173,7,'Kg ropa',15,102,'',1),(166,8174,9,'Kg ropa',15,138,'',1),(167,8175,4,'Kg ropa',15,60,'',1),(168,8176,5,'Kg ropa',15,81,'',1),(169,8177,128,'Comodin',1,128,'',3),(170,8178,13,'Kg ropa',15,195,'',1),(171,8179,5,'Kg ropa',15,75,'',1),(172,8180,7,'Kg ropa',15,99,'',1),(173,8181,18,'Kg ropa',15,270,'',1),(174,8182,1,'Cobijas Promocion',120,120,'',8),(175,8183,3,'Kg ropa',15,45,'',1),(176,8184,2,'Cobija Matrimonial',50,100,'',4),(177,8185,6,'Kg ropa',15,90,'',1),(178,8186,12,'Kg ropa',15,185,'',1),(179,8187,4,'Kg ropa',15,54,'',1),(180,8188,7,'Kg ropa',15,102,'',1),(181,8189,22,'Kg ropa',15,330,'',1),(182,8190,3,'Kg ropa',15,51,'',1),(183,8191,4,'Kg ropa',15,60,'',1),(184,8192,4,'Kg ropa',15,53,'',1),(185,8193,68,'Comodin',1,68,'',3),(186,8194,14,'Kg ropa',15,212,'',1),(187,8195,5,'Kg ropa',15,75,'',1),(188,8196,4,'Kg ropa',15,60,'',1),(189,8197,7,'Kg ropa',15,110,'',1),(190,8197,1,'Toalla',10,10,'',2),(191,8198,1,'Cobija Matrimonial',50,50,'',4),(192,8199,5,'Kg ropa',15,75,'',1),(193,8200,128,'Comodin',1,128,'',3),(194,8201,3,'Kg ropa',15,45,'',1),(195,8202,5,'Kg ropa',15,69,'',1),(196,8203,4,'Kg ropa',15,65,'',1),(197,8204,3,'Kg ropa',15,45,'',1),(198,8205,7,'Kg ropa',15,98,'',1),(199,8205,2,'Cobija Matrimonial',50,100,'',4),(200,8205,1,'Toalla',10,10,'',2),(201,8206,203,'Comodin',1,203,'',3),(202,8207,8,'Kg ropa',15,116,'',1),(203,8207,1,'Toalla',10,10,'',2),(204,8208,3,'Kg ropa',15,45,'',1),(205,8209,4,'Kg ropa',15,60,'',1),(206,8210,1,'Cobija Matrimonial',50,50,'',4),(207,8211,5,'Kg ropa',15,71,'',1),(208,8212,223,'Comodin',1,223,'',3),(209,8213,10,'Kg ropa',15,144,'',1),(210,8214,5,'Kg ropa',15,78,'',1),(211,8215,6,'Kg ropa',15,84,'',1),(212,8216,5,'Kg ropa',15,74,'',1),(213,8217,1,'Cobijas Promocion',120,120,'',8),(214,8218,339,'Comodin',1,339,'',3),(215,8219,12,'Kg ropa',15,186,'',1),(216,8220,3,'Kg ropa',15,51,'',1),(217,8221,1,'Cobija Matrimonial',50,50,'',4),(218,8221,8,'Kg ropa',15,117,'',1),(219,8222,10,'Kg ropa',15,149,'',1),(220,8223,107,'Comodin',1,107,'',3),(221,8224,4,'Kg ropa',15,60,'',1),(222,8225,170,'Comodin',1,170,'',3),(223,8226,6,'Kg ropa',15,95,'',1),(224,8226,1,'Sabana',15,15,'',10),(225,8227,4,'Kg ropa',15,53,'',1),(226,8228,3,'Kg ropa',15,45,'',1),(227,8229,5,'Kg ropa',15,75,'',1),(228,8230,9,'Kg ropa',15,132,'',1),(229,8231,8,'Kg ropa',15,123,'',1),(230,8231,3,'Toalla',10,30,'',2),(231,8232,10,'Kg ropa',15,156,'',1),(232,8232,1,'Sabana',15,15,'',10),(233,8232,2,'Toalla',10,20,'',2),(234,8233,6,'Kg ropa',15,86,'',1),(235,8234,1,'Cobija Matrimonial',50,50,'',4),(236,8235,15,'Kg ropa',15,230,'',1),(237,8236,4,'Kg ropa',15,60,'',1),(238,8237,8,'Kg ropa',15,117,'',1),(239,8238,4,'Kg ropa',15,59,'',1),(240,8239,10,'Kg ropa',15,153,'',1),(241,8240,4,'Kg ropa',15,63,'',1),(242,8241,10,'Kg ropa',15,143,'',1),(243,8242,10,'Kg ropa',15,143,'',1),(244,8243,10,'Kg ropa',15,143,'',1),(245,8244,200,'Comodin',1,200,'',3),(246,8245,13,'Kg ropa',15,192,'',1),(247,8246,4,'Kg ropa',15,60,'',1),(248,8247,6,'Planchado',10,60,'',5),(249,8247,1,'Docena Planchado',108,108,'',7),(250,8248,4,'Planchado',10,40,'',5),(251,8249,16,'Kg ropa',15,243,'',1),(252,8250,5,'Kg ropa',15,75,'',1),(253,8251,4,'Kg ropa',15,56,'',1),(254,8252,16,'Kg ropa',15,246,'',1),(255,8253,5,'Kg ropa',15,77,'',1),(256,8254,5,'Kg ropa',15,81,'',1),(257,8255,4,'Kg ropa',15,56,'',1),(258,8256,13,'Kg ropa',15,188,'',1),(259,8257,1,'Docena Planchado',108,108,'',7),(260,8258,4,'Kg ropa',15,57,'',1),(261,8259,2,'Cobija Matrimonial',50,100,'',4),(262,8259,4,'Kg ropa',15,60,'',1),(263,8260,1,'Cobija Matrimonial',50,50,'',4),(264,8261,5,'Kg ropa',15,78,'',1),(265,8262,4,'Kg ropa',15,65,'',1),(266,8263,148,'Comodin',1,148,'',3),(267,8264,125,'Comodin',1,125,'',3),(268,8265,3,'Kg ropa',15,45,'',1),(269,8266,4,'Kg ropa interior',17,68,'',9),(270,8267,19,'Kg ropa',15,284,'',1),(271,8268,69,'Comodin',1,69,'',3),(272,8269,80,'Comodin',1,80,'',3),(273,8270,2,'Cobija Matrimonial',50,100,'',4),(274,8271,4,'Kg ropa',15,65,'',1),(275,8272,5,'Kg ropa',15,81,'',1),(276,8273,3,'Kg ropa',15,45,'',1),(277,8274,1,'Cobijas Promocion',120,120,'',8),(278,8275,4,'Kg ropa',15,53,'',1),(279,8276,7,'Kg ropa',15,107,'',1),(280,8277,8,'Kg ropa',15,113,'',1),(281,8278,6,'Kg ropa',15,83,'',1),(282,8279,13,'Kg ropa',15,188,'',1),(283,8280,92,'Comodin',1,92,'',3),(284,8281,4,'Kg ropa',15,60,'',1),(285,8282,6,'Kg ropa',15,90,'',1),(286,8283,188,'Comodin',1,188,'',3),(287,8284,5,'Kg ropa',15,75,'',1),(288,8285,4,'Kg ropa',15,65,'',1),(289,8286,8,'Kg ropa',15,116,'',1),(290,8287,12,'Kg ropa',15,183,'',1),(291,8288,6,'Kg ropa',15,90,'',1),(292,8289,133,'Comodin',1,133,'',3),(293,8290,3,'Kg ropa',15,45,'',1),(294,8291,203,'Comodin',1,203,'',3),(295,8292,3,'Kg ropa',15,45,'',1),(296,8293,10,'Kg ropa',15,147,'',1),(297,8294,1,'Cobijas Promocion',120,120,'',8),(298,8294,2,'Cobija Matrimonial',50,100,'',4),(299,8295,128,'Comodin',1,128,'',3),(300,8296,11,'Kg ropa',15,168,'',1),(301,8297,186,'Comodin',1,186,'',3),(302,8298,4,'Kg ropa',15,60,'',1),(303,8299,3,'Kg ropa',15,45,'',1),(304,8300,95,'Comodin',1,95,'',3),(305,8301,4,'Kg ropa',15,63,'',1),(306,8302,114,'Comodin',1,114,'',3),(307,8303,3,'Kg ropa',15,48,'',1),(308,8304,3,'Kg ropa',15,45,'',1),(309,8305,59,'Comodin',1,59,'',3),(310,8306,87,'Comodin',1,87,'',3),(311,8307,299,'Comodin',1,299,'',3),(312,8308,64,'Comodin',1,64,'',3),(313,8309,130,'Comodin',1,130,'',3),(314,8310,51,'Comodin',1,51,'',3),(315,8311,80,'Comodin',1,80,'',3),(316,8312,4,'Kg ropa',15,60,'',1),(317,8313,184,'Comodin',1,184,'',3),(318,8314,399,'Comodin',1,399,'',3),(319,8315,4,'Kg ropa',15,66,'',1),(320,8316,4,'Kg ropa',15,54,'',1),(321,8317,136,'Comodin',1,136,'',3),(322,8318,287,'Comodin',1,287,'',3),(323,8319,2,'Cobijas Promocion',120,240,'',8),(324,8320,51,'Comodin',1,51,'',3),(325,8321,4,'Kg ropa',15,63,'',1),(326,8322,9,'Kg ropa',15,141,'',1),(327,8323,118,'Comodin',1,118,'',3),(328,8324,205,'Comodin',1,205,'',3),(329,8325,4,'Kg ropa',15,66,'',1),(330,8326,7,'Kg ropa',15,108,'',1),(331,8327,204,'Comodin',1,204,'',3),(332,8328,3,'Kg ropa',15,48,'',1),(333,8329,204,'Comodin',1,204,'',3),(334,8330,1,'Cobijas Promocion',120,120,'',8),(335,8331,186,'Comodin',1,186,'',3),(336,8332,3,'Kg ropa',15,45,'',1),(337,8333,1,'Cobijas Promocion',120,120,'',8),(338,8334,3,'Kg ropa',15,45,'',1),(339,8335,119,'Comodin',1,119,'',3),(340,8336,2,'Cobija Matrimonial',50,100,'',4),(341,8337,1,'Cobija Matrimonial',50,50,'',4),(342,8338,1,'Cobija Matrimonial',50,50,'',4),(343,8339,220,'Comodin',1,220,'',3),(344,8340,107,'Comodin',1,107,'',3),(345,8341,75,'Comodin',1,75,'',3),(346,8342,76,'Comodin',1,76,'',3),(347,8343,196,'Comodin',1,196,'',3),(348,8344,140,'Comodin',1,140,'',3),(349,8345,157,'Comodin',1,157,'',3),(350,8346,463,'Comodin',1,463,'',3),(351,8347,114,'Comodin',1,114,'',3),(352,8348,80,'Comodin',1,80,'',3),(353,8349,78,'Comodin',1,78,'',3),(354,8350,3,'Planchado',10,30,'',5),(355,8351,76,'Comodin',1,76,'',3),(356,8352,58,'Comodin',1,58,'',3),(357,8353,142,'Comodin',1,142,'',3),(358,8354,51,'Comodin',1,51,'',3),(359,8355,136,'Comodin',1,136,'',3),(360,8356,115,'Comodin',1,115,'',3),(361,8357,70,'Comodin',1,70,'',3),(362,8358,1,'Cobijas Promocion',120,120,'',8),(363,8359,2,'Cobija Matrimonial',50,100,'',4),(364,8360,2,'Cobija Matrimonial',50,100,'',4),(365,8361,146,'Comodin',1,146,'',3),(366,8362,185,'Comodin',1,185,'',3),(367,8363,57,'Comodin',1,57,'',3),(368,8364,2,'Cobija Matrimonial',50,100,'',4),(369,8365,70,'Comodin',1,70,'',3),(370,8366,216,'Comodin',1,216,'',3),(371,8367,80,'Comodin',1,80,'',3),(372,8368,68,'Comodin',1,68,'',3),(373,8369,91,'Comodin',1,91,'',3),(374,8370,235,'Comodin',1,235,'',3),(375,8371,61,'Comodin',1,61,'',3),(376,8372,5,'Kg ropa',15,69,'',1),(377,8373,5,'Kg ropa',15,75,'',1),(378,8374,172,'Comodin',1,172,'',3),(379,8375,3,'Kg ropa',15,45,'',1),(380,8376,4,'Kg ropa',15,54,'',1),(381,8377,2,'Cobijas Promocion',120,240,'',8),(382,8378,170,'Comodin',1,170,'',3),(383,8379,3,'Kg ropa',15,47,'',1),(384,8380,5,'Kg ropa',15,75,'',1),(385,8381,124,'Comodin',1,124,'',3),(386,8382,5,'Kg ropa',15,75,'',1),(387,8383,58,'Comodin',1,58,'',3),(388,8384,1,'Cobija Matrimonial',50,50,'',4),(389,8385,4,'Kg ropa',15,60,'',1),(390,8386,127,'Comodin',1,127,'',3),(391,8387,143,'Comodin',1,143,'',3),(392,8388,2,'Cobija Matrimonial',50,100,'',4),(393,8389,3,'Kg ropa',15,45,'',1),(394,8390,3,'Kg ropa',15,45,'',1),(395,8391,3,'Kg ropa',15,48,'',1),(396,8392,4,'Kg ropa',15,60,'',1),(397,8393,188,'Comodin',1,188,'',3),(398,8394,163,'Comodin',1,163,'',3),(399,8395,317,'Comodin',1,317,'',3),(400,8396,148,'Comodin',1,148,'',3),(401,8397,52,'Comodin',1,52,'',3),(402,8398,12,'Kg ropa',15,180,'',1),(403,8399,247,'Comodin',1,247,'',3),(404,8400,115,'Comodin',1,115,'',3),(405,8401,4,'Kg ropa',15,54,'',1),(406,8402,108,'Comodin',1,108,'',3),(407,8403,135,'Comodin',1,135,'',3),(408,8404,3,'Kg ropa',15,45,'',1),(409,8405,56,'Comodin',1,56,'',3),(410,8406,256,'Comodin',1,256,'',3),(411,8407,243,'Comodin',1,243,'',3),(412,8408,136,'Comodin',1,136,'',3),(413,8409,5,'Kg ropa',15,75,'',1),(414,8410,1,'Cobija Matrimonial',50,50,'',4),(415,8411,10,'Kg ropa',15,152,'',1),(416,8412,110,'Comodin',1,110,'',3),(417,8413,157,'Comodin',1,157,'',3),(418,8414,209,'Comodin',1,209,'',3),(419,8415,80,'Comodin',1,80,'',3),(420,8416,51,'Comodin',1,51,'',3),(421,8417,142,'Comodin',1,142,'',3),(422,8418,79,'Comodin',1,79,'',3),(423,8419,112,'Comodin',1,112,'',3),(424,8420,1,'Cobija Matrimonial',50,50,'',4),(425,8421,97,'Comodin',1,97,'',3),(426,8422,103,'Comodin',1,103,'',3),(427,8423,2,'Cobijas Promocion',120,240,'',8),(428,8424,66,'Comodin',1,66,'',3),(429,8425,5,'Planchado',10,50,'',5),(430,8426,1,'Cobijas Promocion',120,120,'',8),(431,8427,96,'Comodin',1,96,'0',3),(432,8428,205,'Comodin',1,205,'',3),(433,8429,67,'Comodin',1,67,'',3),(434,8430,146,'Comodin',1,146,'',3),(435,8431,3,'Kg ropa',15,45,'',1),(436,8432,117,'Comodin',1,117,'',3),(437,8433,55,'Comodin',1,55,'',3),(438,8434,1,'Cobijas Promocion',120,120,'',8),(439,8435,4,'Kg ropa',15,60,'',1),(440,8436,184,'Comodin',1,184,'',3),(441,8437,85,'Comodin',1,85,'',3),(442,8438,6,'Kg ropa',15,90,'',1),(443,8439,57,'Comodin',1,57,'',3),(444,8440,145,'Comodin',1,145,'',3),(445,8441,121,'Comodin',1,121,'',3),(446,8442,5,'Kg ropa',15,78,'',1),(447,8443,88,'Comodin',1,88,'',3),(448,8444,140,'Comodin',1,140,'',3),(449,8445,2,'Cobija Matrimonial',50,100,'',4),(450,8446,63,'Comodin',1,63,'',3),(451,8447,64,'Comodin',1,64,'',3),(452,8448,3,'Kg ropa',15,45,'',1),(453,8449,110,'Comodin',1,110,'',3),(454,8450,172,'Comodin',1,172,'',3),(455,8451,217,'Comodin',1,217,'',3),(456,8452,115,'Comodin',1,115,'',3),(457,8453,182,'Comodin',1,182,'',3),(458,8454,1,'Cobijas Promocion',120,120,'',8),(459,8455,127,'Comodin',1,127,'',3),(460,8456,64,'Comodin',1,64,'',3),(461,8457,5,'Kg ropa',15,75,'',1),(462,8458,152,'Comodin',1,152,'0',3),(463,8459,1,'Cobijas Promocion',120,120,'',8),(464,8460,1,'Cobija Matrimonial',50,50,'',4),(465,8461,193,'Comodin',1,193,'',3),(466,8462,40,'Comodin',1,40,'',3),(467,8463,223,'Comodin',1,223,'',3),(468,8464,236,'Comodin',1,236,'',3),(469,8465,4,'Kg ropa',15,66,'',1),(470,8466,1,'Cobijas Promocion',120,120,'',8),(471,8467,97,'Comodin',1,97,'',3),(472,8468,127,'Comodin',1,127,'',3),(473,8469,1,'Cobijas Promocion',120,120,'',8),(474,8470,2,'Cobija Matrimonial',50,100,'',4),(475,8471,107,'Comodin',1,107,'',3),(476,8472,309,'Comodin',1,309,'',3),(477,8473,89,'Comodin',1,89,'',3),(478,8474,63,'Comodin',1,63,'',3),(479,8475,157,'Comodin',1,157,'',3),(480,8476,220,'Comodin',1,220,'',3),(481,8477,139,'Comodin',1,139,'',3),(482,8478,187,'Comodin',1,187,'',3),(483,8479,95,'Comodin',1,95,'',3),(484,8480,2,'Cobija Matrimonial',50,100,'',4),(485,8481,6,'Kg ropa',15,90,'',1),(486,8482,1,'Cobijas Promocion',120,120,'',8),(487,8483,3,'Kg ropa',15,45,'',1),(488,8484,154,'Comodin',1,154,'',3),(489,8485,195,'Comodin',1,195,'',3),(490,8486,5,'Kg ropa',15,75,'',1),(491,8487,4,'Kg ropa',15,63,'',1),(492,8488,166,'Comodin',1,166,'',3),(493,8489,64,'Comodin',1,64,'',3),(494,8490,134,'Comodin',1,134,'',3),(495,8491,57,'Comodin',1,57,'',3),(496,8492,110,'Comodin',1,110,'',3),(497,8493,3,'Kg ropa',15,45,'',1),(498,8494,1,'Cobija Matrimonial',50,50,'',4),(499,8495,5,'Kg ropa',15,75,'',1),(500,8496,102,'Comodin',1,102,'',3),(501,8497,108,'Comodin',1,108,'',3),(502,8498,438,'Comodin',1,438,'',3),(503,8499,4,'Kg ropa',15,60,'',1),(504,8500,3,'Kg ropa',15,45,'',1),(505,8501,3,'Kg ropa',15,48,'',1);
/*!40000 ALTER TABLE `detalle` ENABLE KEYS */;
UNLOCK TABLES;

--
-- Table structure for table `empleados`
--

DROP TABLE IF EXISTS `empleados`;
/*!40101 SET @saved_cs_client     = @@character_set_client */;
/*!50503 SET character_set_client = utf8mb4 */;
CREATE TABLE `empleados` (
  `idempleados` int(11) NOT NULL AUTO_INCREMENT,
  `nombre` varchar(45) NOT NULL,
  `contraseña` varchar(45) NOT NULL,
  `fechaCreacion` date NOT NULL,
  `nivel` int(11) DEFAULT '0',
  `estado` int(10) DEFAULT '1',
  PRIMARY KEY (`idempleados`)
) ENGINE=InnoDB AUTO_INCREMENT=6 DEFAULT CHARSET=utf8mb4;
/*!40101 SET character_set_client = @saved_cs_client */;

--
-- Dumping data for table `empleados`
--

LOCK TABLES `empleados` WRITE;
/*!40000 ALTER TABLE `empleados` DISABLE KEYS */;
INSERT INTO `empleados` VALUES (1,'Leonardo','aa','2022-06-09',1,1),(2,'Jonathan Gil','p','2022-06-09',0,1),(3,'Guadalupe','a','2022-07-02',0,1),(5,'Lesly','2','2022-07-18',0,0);
/*!40000 ALTER TABLE `empleados` ENABLE KEYS */;
UNLOCK TABLES;

--
-- Table structure for table `entregas`
--

DROP TABLE IF EXISTS `entregas`;
/*!40101 SET @saved_cs_client     = @@character_set_client */;
/*!50503 SET character_set_client = utf8mb4 */;
CREATE TABLE `entregas` (
  `identregas` int(11) NOT NULL AUTO_INCREMENT,
  `idNota` int(11) NOT NULL,
  `CantidadAEntregar` decimal(10,0) NOT NULL,
  `Pago` decimal(10,0) NOT NULL,
  `fechaEntrega` varchar(45) NOT NULL,
  `horaEntrega` varchar(45) NOT NULL,
  `comentario` varchar(200) DEFAULT NULL,
  `idEmpleado` int(11) NOT NULL,
  `formaPago` int(10) DEFAULT NULL,
  PRIMARY KEY (`identregas`),
  KEY `fk_entrega_idx` (`idNota`),
  KEY `fk_empleado_idx` (`idEmpleado`),
  CONSTRAINT `fk_empleado` FOREIGN KEY (`idEmpleado`) REFERENCES `empleados` (`idempleados`) ON DELETE CASCADE ON UPDATE CASCADE,
  CONSTRAINT `fk_folio` FOREIGN KEY (`idNota`) REFERENCES `notas` (`folio`) ON DELETE CASCADE ON UPDATE CASCADE
) ENGINE=InnoDB AUTO_INCREMENT=402 DEFAULT CHARSET=utf8mb4;
/*!40101 SET character_set_client = @saved_cs_client */;

--
-- Dumping data for table `entregas`
--

LOCK TABLES `entregas` WRITE;
/*!40000 ALTER TABLE `entregas` DISABLE KEYS */;
INSERT INTO `entregas` VALUES (1,8067,0,194,'2023-02-02','20:34:32','',3,1),(2,8070,0,83,'2023-02-02','20:35:26','',3,1),(3,8074,0,187,'2023-02-02','20:36:13','',3,1),(4,8071,0,78,'2023-02-02','20:36:46','',3,1),(5,8086,0,188,'2023-02-02','20:37:14','',3,1),(6,8094,0,55,'2023-02-02','20:38:10','',2,1),(7,8085,0,120,'2023-02-02','20:38:31','',2,1),(8,8084,0,0,'2023-02-02','20:38:56','',2,0),(9,8065,0,90,'2023-02-02','20:39:22','',2,1),(10,8081,0,118,'2023-02-03','21:35:49','',3,1),(11,8105,0,0,'2023-02-03','21:36:28','',3,0),(12,8066,0,55,'2023-02-03','21:37:34','',3,1),(13,8091,0,100,'2023-02-03','21:38:4','',3,1),(14,8092,1,62,'2023-02-03','21:38:38','',2,1),(15,8101,0,260,'2023-02-03','21:39:14','',2,1),(16,8076,0,90,'2023-02-04','8:50:41','',1,1),(17,8110,0,172,'2023-02-04','8:51:22','',2,1),(18,8073,0,0,'2023-02-04','8:51:56','',2,0),(19,8096,0,0,'2023-02-04','8:52:19','',2,0),(20,8102,0,188,'2023-02-04','8:52:41','',2,1),(21,8068,0,102,'2023-02-04','8:53:4','',2,1),(22,8077,0,150,'2023-02-04','8:53:52','',2,1),(23,8082,0,250,'2023-02-04','8:54:12','',2,1),(24,8079,0,0,'2023-02-04','8:55:4','',3,0),(25,8100,0,192,'2023-02-04','8:55:38','',3,1),(26,8088,0,115,'2023-02-04','8:55:57','',3,1),(27,8083,0,87,'2023-02-04','8:56:19','',3,1),(28,8087,0,138,'2023-02-04','8:57:8','',3,1),(29,8114,0,0,'2023-02-04','8:57:36','',3,0),(30,8107,0,0,'2023-02-04','8:57:52','',3,0),(31,8033,0,111,'2023-02-07','21:16:43','',2,1),(32,8049,0,101,'2023-02-07','21:17:5','',2,1),(33,8048,0,98,'2023-02-07','21:17:29','',2,1),(34,8046,0,132,'2023-02-07','21:17:46','',2,1),(35,8115,0,66,'2023-02-07','20:23:40','',3,1),(36,8117,0,45,'2023-02-07','20:24:6','',3,1),(37,8109,0,45,'2023-02-07','20:24:32','',3,1),(38,8113,0,196,'2023-02-07','20:25:12','',3,1),(39,8097,0,135,'2023-02-07','20:25:30','',3,1),(40,8104,0,108,'2023-02-07','20:25:48','',3,1),(41,7849,0,100,'2023-02-07','20:26:6','',3,1),(42,8103,0,144,'2023-02-07','20:29:20','',3,1),(43,8129,0,45,'2023-02-07','20:30:0','',2,1),(44,8130,0,0,'2023-02-07','20:30:51','',2,0),(45,8123,0,51,'2023-02-07','20:31:15','',2,1),(46,8120,0,0,'2023-02-07','20:34:9','',2,0),(47,8122,0,50,'2023-02-07','20:34:27','',2,1),(48,8118,0,52,'2023-02-07','20:37:16','',2,1),(49,8131,0,118,'2023-02-08','20:52:15','',3,1),(50,8098,0,77,'2023-02-08','20:52:30','',3,1),(51,8069,0,131,'2023-02-08','20:52:49','',3,1),(52,8089,0,0,'2023-02-08','20:53:8','',3,0),(53,7994,0,70,'2023-02-08','20:54:6','',2,1),(54,8025,0,93,'2023-02-08','20:54:25','',2,1),(55,8126,0,0,'2023-02-08','20:55:19','',3,0),(56,8125,298,298,'2023-02-08','20:59:26','',2,1),(57,8108,82,82,'2023-02-08','20:59:48','',2,1),(58,8132,82,82,'2023-02-08','21:0:4','',2,1),(59,8090,100,100,'2023-02-08','21:0:21','',2,1),(60,8136,50,50,'2023-02-08','21:0:47','',2,1),(61,8133,0,0,'2023-02-08','21:1:1','',2,0),(62,8064,168,168,'2023-02-08','21:1:18','',2,1),(63,8063,97,97,'2023-02-08','21:1:43','',2,1),(64,8137,107,107,'2023-02-08','21:2:0','',2,1),(65,8141,80,80,'2023-02-08','21:2:19','',2,1),(66,8141,80,80,'2023-02-08','21:3:6','',2,1),(67,8125,0,298,'2023-02-08','21:4:22','',2,1),(68,8108,0,82,'2023-02-08','21:4:41','',2,1),(69,8132,0,82,'2023-02-08','21:5:5','',2,1),(70,8090,0,100,'2023-02-08','21:5:26','',2,1),(71,8136,0,50,'2023-02-08','21:5:47','',2,1),(72,8133,0,0,'2023-02-08','21:6:7','',2,0),(73,8064,0,168,'2023-02-08','21:6:24','',2,1),(74,8063,0,97,'2023-02-08','21:6:47','',2,1),(75,8137,0,107,'2023-02-08','21:7:3','',2,1),(76,8141,0,80,'2023-02-08','21:7:16','',2,1),(77,8156,0,129,'2023-02-09','21:44:26','',3,1),(78,8145,0,100,'2023-02-09','21:44:48','',3,1),(79,8095,0,191,'2023-02-09','21:50:38','',3,1),(80,7423,0,256,'2023-02-09','21:50:57','',3,1),(81,8135,0,0,'2023-02-09','21:52:16','',3,0),(82,8106,0,166,'2023-02-09','21:52:35','',3,1),(83,8154,0,120,'2023-02-09','21:52:58','',2,1),(84,8150,0,168,'2023-02-09','21:55:48','',2,1),(85,7997,0,45,'2023-02-09','22:0:36','',3,1),(86,8142,0,89,'2023-02-09','6:40:30','',3,1),(87,8162,0,104,'2023-02-10','6:54:49','',3,1),(88,8157,0,65,'2023-02-10','6:55:6','',3,1),(89,8161,0,80,'2023-02-10','6:55:39','',3,1),(90,8000,0,20,'2023-02-10','6:55:59','',3,1),(91,8139,0,54,'2023-02-10','6:56:23','',3,1),(92,8148,0,235,'2023-02-10','6:56:44','',3,1),(93,8116,0,150,'2023-02-10','7:3:59','',3,1),(94,8080,2,80,'2023-02-10','7:8:29','',3,1),(95,8138,0,220,'2023-02-10','7:21:33','',2,1),(96,8169,0,100,'2023-02-10','7:45:12','',2,1),(97,8174,0,138,'2023-02-10','7:45:36','',2,1),(98,8153,0,45,'2023-02-10','7:45:55','',2,1),(99,8128,0,120,'2023-02-10','7:46:7','',2,1),(100,8170,0,50,'2023-02-10','7:46:26','',2,1),(101,8168,0,47,'2023-02-10','7:46:43','',2,1),(102,8093,0,105,'2023-02-10','7:46:58','',2,1),(103,8163,0,79,'2023-02-10','8:7:43','',3,1),(104,8172,0,75,'2023-02-11','8:22:19','',3,1),(105,8144,0,128,'2023-02-11','8:22:33','',3,1),(106,8152,0,0,'2023-02-11','8:35:55','',3,0),(107,8152,0,0,'2023-02-11','8:41:15','',3,0),(108,8152,0,0,'2023-02-11','8:44:34','',1,0),(109,8152,0,0,'2023-02-11','8:45:15','',3,0),(110,8152,0,0,'2023-02-11','8:47:31','',3,0),(111,8127,0,45,'2023-02-11','10:12:30','',2,1),(112,8155,0,213,'2023-02-11','10:12:45','',2,1),(113,8078,0,50,'2023-02-11','10:13:19','',2,1),(114,8158,0,0,'2023-02-11','10:13:36','',2,0),(115,8032,0,200,'2023-02-11','10:13:53','',2,1),(116,8185,0,90,'2023-02-11','10:14:17','',2,1),(117,8134,0,190,'2023-02-11','10:14:44','',2,1),(118,8201,0,45,'2023-02-11','10:15:16','',2,1),(119,8200,0,128,'2023-02-11','10:15:31','',2,1),(120,8194,0,212,'2023-02-11','10:15:58','',2,1),(121,8177,0,128,'2023-02-11','10:16:14','',2,1),(122,8176,0,81,'2023-02-11','10:16:30','',2,1),(123,8175,0,60,'2023-02-11','10:17:0','',2,1),(124,8178,0,195,'2023-02-11','10:17:21','',2,1),(125,8198,0,50,'2023-02-11','10:17:32','',2,1),(126,8202,0,0,'2023-02-11','10:17:47','',2,0),(127,8203,0,65,'2023-02-11','10:18:11','',2,1),(128,8193,0,68,'2023-02-11','10:35:28','',2,1),(129,8195,0,0,'2023-02-11','10:35:43','',2,0),(130,8173,0,102,'2023-02-11','10:36:0','',2,1),(131,8164,0,150,'2023-02-11','10:36:15','',2,1),(132,8183,0,45,'2023-02-13','20:47:5','',2,1),(133,8215,0,84,'2023-02-13','20:47:26','',2,1),(134,8212,0,223,'2023-02-13','20:47:54','',2,1),(135,8121,0,139,'2023-02-13','20:48:46','',3,1),(136,8197,1,119,'2023-02-13','20:49:8','',3,1),(137,8192,1,52,'2023-02-13','20:49:29','',3,1),(138,8209,0,60,'2023-02-13','20:49:46','',3,1),(139,8190,0,51,'2023-02-13','20:50:14','',2,1),(140,8020,1,184,'2023-02-13','20:50:31','',2,1),(141,8151,1,166,'2023-02-13','20:50:58','',2,1),(142,8199,0,75,'2023-02-13','20:51:16','',2,1),(143,8099,0,140,'2023-02-13','20:51:30','',2,1),(144,8216,1,73,'2023-02-13','20:51:46','',2,1),(145,8180,0,99,'2023-02-13','20:52:3','',2,1),(146,8179,0,0,'2023-02-14','20:34:30','',3,0),(147,8072,0,0,'2023-02-14','20:34:49','',3,0),(148,8205,1,207,'2023-02-14','20:35:13','',2,1),(149,8211,1,70,'2023-02-14','20:35:32','',2,1),(150,8196,0,60,'2023-02-14','20:35:54','',2,1),(151,8224,0,60,'2023-02-14','20:36:6','',2,1),(152,8231,0,153,'2023-02-14','20:36:20','',2,1),(153,8218,0,339,'2023-02-14','20:36:34','',2,1),(154,8220,0,51,'2023-02-14','20:36:51','',2,1),(155,8226,1,109,'2023-02-15','6:33:2','',3,1),(156,8188,0,52,'2023-02-15','6:33:17','',3,1),(157,8223,0,0,'2023-02-15','6:33:28','',3,0),(158,8228,0,45,'2023-02-15','6:34:0','',3,1),(159,8186,1,184,'2023-02-15','6:34:20','',3,1),(160,8235,0,230,'2023-02-15','6:34:52','',2,1),(161,8146,0,122,'2023-02-15','6:35:7','',2,1),(162,8214,0,0,'2023-02-15','6:35:19','',2,0),(163,8217,0,0,'2023-02-15','6:35:35','',2,0),(164,8237,0,117,'2023-02-15','6:35:49','',2,1),(165,8189,0,330,'2023-02-15','18:33:49','',3,1),(166,8221,0,0,'2023-02-15','18:34:9','',3,0),(167,8240,0,63,'2023-02-16','18:53:42','',3,1),(168,8236,0,60,'2023-02-16','18:53:53','',3,1),(169,8222,0,149,'2023-02-16','18:54:9','',3,1),(170,8232,0,191,'2023-02-16','18:54:29','',3,1),(171,8241,1,142,'2023-02-16','18:54:47','',3,1),(172,8208,0,45,'2023-02-16','18:55:3','',3,1),(173,7965,0,100,'2023-02-16','18:55:34','',2,1),(174,8233,1,85,'2023-02-16','18:55:53','',2,1),(175,8187,0,54,'2023-02-16','18:56:18','',2,1),(176,8213,0,144,'2023-02-16','18:56:33','',2,1),(177,8248,0,40,'2023-02-16','18:56:49','',2,1),(178,8242,1,142,'2023-02-16','18:57:50','',2,1),(179,8246,0,60,'2023-02-16','18:58:8','',2,1),(180,8244,0,200,'2023-02-16','18:58:31','',2,1),(181,7911,1,154,'2023-02-16','18:58:44','',2,1),(182,8249,43,200,'2023-02-17','19:27:19','',3,1),(183,8230,0,132,'2023-02-17','19:27:36','',3,1),(184,8254,0,81,'2023-02-17','19:27:53','',3,1),(185,8259,0,110,'2023-02-17','19:28:7','',3,1),(186,8184,0,0,'2023-02-17','19:28:27','',3,0),(187,8147,1,118,'2023-02-17','19:28:54','',2,1),(188,8239,0,153,'2023-02-17','19:29:9','',2,1),(189,8229,0,75,'2023-02-17','19:29:39','',2,1),(190,8149,0,170,'2023-02-17','19:30:7','',2,1),(191,8266,0,68,'2023-02-17','19:30:21','',2,1),(192,8267,0,69,'2023-02-17','19:30:34','',2,1),(193,8243,1,0,'2023-02-17','19:31:2','',2,0),(194,8167,0,81,'2023-02-17','19:31:17','',2,1),(195,8166,0,63,'2023-02-17','19:31:29','',2,1),(196,8247,0,168,'2023-02-17','19:31:44','',2,1),(197,8273,0,45,'2023-02-17','19:31:55','',2,1),(198,8260,0,50,'2023-02-17','19:32:21','',2,1),(199,8264,0,125,'2023-02-17','19:32:35','',2,1),(200,8252,1,245,'2023-02-18','20:38:56','',3,1),(201,8262,1,64,'2023-02-18','20:39:8','',3,1),(202,8269,0,80,'2023-02-18','20:39:19','',3,1),(203,8270,0,100,'2023-02-18','20:39:35','',3,1),(204,8238,1,58,'2023-02-18','20:39:48','',3,1),(205,8258,0,57,'2023-02-18','20:40:10','',3,1),(206,8234,0,50,'2023-02-18','20:40:26','',3,1),(207,8257,0,108,'2023-02-18','20:40:39','',3,1),(208,8271,1,64,'2023-02-18','20:40:52','',3,1),(209,8263,0,148,'2023-02-18','20:41:7','',3,1),(210,8268,1,283,'2023-02-18','20:41:20','',3,1),(211,8250,0,75,'2023-02-18','20:41:38','',3,1),(212,8251,1,55,'2023-02-18','20:41:49','',3,1),(213,8227,1,52,'2023-02-18','20:42:2','',3,1),(214,8277,1,0,'2023-02-18','20:42:17','',3,0),(215,8284,0,188,'2023-02-18','20:42:47','',3,1),(216,8206,0,203,'2023-02-18','20:43:2','',3,1),(217,8207,1,125,'2023-02-18','20:43:20','',3,1),(218,8278,1,82,'2023-02-18','20:43:34','',3,1),(219,8307,0,299,'2023-02-20','20:51:17','',1,1),(220,7656,0,100,'2023-02-20','21:3:22','',3,1),(221,8255,1,55,'2023-02-20','21:3:34','',3,1),(222,8275,1,0,'2023-02-20','21:3:52','',3,0),(223,8253,1,76,'2023-02-20','21:4:8','',3,1),(224,8276,1,0,'2023-02-20','21:4:23','',3,0),(225,8283,0,75,'2023-02-20','21:4:41','',3,1),(226,8219,0,186,'2023-02-20','21:4:57','',3,1),(227,8272,0,81,'2023-02-20','21:5:8','',3,1),(228,8282,0,90,'2023-02-20','21:5:23','',3,1),(229,8292,0,45,'2023-02-20','21:5:34','',3,1),(230,8159,0,100,'2023-02-20','21:5:44','',3,1),(231,8288,0,90,'2023-02-20','21:6:0','',3,1),(232,8298,0,60,'2023-02-20','21:6:15','',3,1),(233,8290,0,45,'2023-02-20','21:6:35','',3,1),(234,8281,0,0,'2023-02-20','21:6:53','',2,0),(235,8291,0,203,'2023-02-20','21:7:19','',2,1),(236,8299,0,45,'2023-02-20','21:7:36','',2,1),(237,8280,0,92,'2023-02-20','21:7:55','',2,1),(238,8256,1,187,'2023-02-21','21:35:53','',3,1),(239,8165,0,731,'2023-02-21','21:36:7','',3,1),(240,8295,0,128,'2023-02-21','21:36:42','',2,1),(241,8294,0,220,'2023-02-21','21:36:56','',2,1),(242,8287,0,183,'2023-02-21','21:37:8','',2,1),(243,8309,0,130,'2023-02-21','21:37:24','',2,1),(244,8140,0,90,'2023-02-21','21:37:39','',2,1),(245,8310,0,51,'2023-02-21','21:37:51','',2,1),(246,8317,0,136,'2023-02-21','21:38:3','',2,1),(247,8225,0,170,'2023-02-21','21:38:14','',2,1),(248,8316,0,54,'2023-02-21','21:38:26','',2,1),(249,8293,0,147,'2023-02-22','21:54:12','',3,1),(250,8311,0,80,'2023-02-22','21:54:24','',3,1),(251,8313,0,184,'2023-02-22','21:54:36','',3,1),(252,8315,0,66,'2023-02-22','21:54:49','',3,1),(253,8305,0,59,'2023-02-22','21:54:59','',3,1),(254,8318,0,287,'2023-02-22','21:55:13','',3,1),(255,8314,0,399,'2023-02-22','21:55:28','',2,1),(256,8285,0,65,'2023-02-22','21:57:11','',2,1),(257,8322,0,141,'2023-02-22','21:57:35','',2,1),(258,8338,0,50,'2023-02-22','21:57:47','',2,1),(259,8327,0,204,'2023-02-22','21:57:59','',2,1),(260,8289,0,133,'2023-02-22','21:58:20','',2,1),(261,8286,1,115,'2023-02-22','21:58:40','',2,1),(262,8334,0,45,'2023-02-22','21:58:51','',2,1),(263,8335,0,119,'2023-02-22','21:59:2','',2,1),(264,8301,0,63,'2023-02-22','21:59:13','',2,1),(265,8312,0,60,'2023-02-22','21:59:26','',2,1),(266,8306,0,87,'2023-02-23','22:7:57','',3,1),(267,8328,0,48,'2023-02-23','22:8:12','',3,1),(268,8332,0,45,'2023-02-23','22:8:23','',3,1),(269,8326,0,0,'2023-02-23','22:8:34','',3,0),(270,8321,0,63,'2023-02-23','22:8:50','',2,1),(271,8297,0,186,'2023-02-23','22:9:2','',2,1),(272,8341,0,75,'2023-02-23','22:9:14','',2,1),(273,8355,0,136,'2023-02-23','22:9:25','',2,1),(274,8336,0,100,'2023-02-23','22:9:38','',1,1),(275,8337,0,50,'2023-02-23','22:9:51','',1,1),(276,8342,0,76,'2023-02-24','22:19:3','',3,1),(277,8344,0,40,'2023-02-24','22:19:15','',3,1),(278,8354,1,50,'2023-02-24','22:19:36','',3,1),(279,8324,0,205,'2023-02-24','22:19:50','',3,1),(280,8325,0,66,'2023-02-24','22:20:15','',2,1),(281,8331,0,186,'2023-02-24','22:20:29','',2,1),(282,8351,0,76,'2023-02-24','22:20:51','',2,1),(283,8347,0,114,'2023-02-24','22:21:4','',2,1),(284,8368,0,68,'2023-02-24','22:21:23','',2,1),(285,8350,0,30,'2023-02-24','22:21:37','',2,1),(286,8261,0,78,'2023-02-24','22:21:58','',2,1),(287,8357,0,70,'2023-02-24','22:22:14','',2,1),(288,8300,0,45,'2023-02-25','20:30:12','',3,1),(289,8345,0,157,'2023-02-25','20:30:24','',3,1),(290,8038,1,212,'2023-02-25','20:30:40','',3,1),(291,8296,0,168,'2023-02-25','20:30:56','',3,1),(292,8204,0,45,'2023-02-25','20:31:11','',3,1),(293,8356,0,115,'2023-02-25','20:31:34','',3,1),(294,8360,0,100,'2023-02-25','20:31:47','',3,1),(295,8274,0,120,'2023-02-25','20:32:3','',3,1),(296,8333,0,120,'2023-02-25','20:32:21','',3,1),(297,8329,0,0,'2023-02-25','20:32:35','',3,0),(298,8330,0,0,'2023-02-25','20:32:51','',3,0),(299,8367,0,80,'2023-02-25','20:33:19','',3,1),(300,8374,9,163,'2023-02-25','20:33:38','',3,1),(301,8348,0,80,'2023-02-25','20:33:53','',3,1),(302,8362,0,185,'2023-02-25','20:34:18','',3,1),(303,8339,0,220,'2023-02-25','20:34:34','',3,1),(304,8376,0,54,'2023-02-25','20:34:51','',3,1),(305,8308,0,44,'2023-02-25','20:35:41','',3,1),(306,8382,0,75,'2023-02-25','20:35:56','',3,1),(307,8371,0,61,'2023-02-25','20:36:18','',3,1),(308,8302,0,114,'2023-02-25','20:36:32','',3,1),(309,8353,0,142,'2023-02-25','20:36:45','',3,1),(310,8346,0,463,'2023-02-27','20:53:1','',1,1),(311,8340,0,107,'2023-02-27','20:54:13','',1,1),(312,8363,0,57,'2023-02-27','20:54:40','',3,1),(313,8366,0,0,'2023-02-27','20:54:58','',3,0),(314,8383,0,0,'2023-02-27','20:55:18','',3,0),(315,8375,0,45,'2023-02-27','20:55:36','',3,1),(316,8372,0,69,'2023-02-27','20:55:50','',2,1),(317,8389,0,45,'2023-02-27','20:56:10','',2,1),(318,8379,1,46,'2023-02-27','20:56:24','',2,1),(319,8210,0,50,'2023-02-27','20:56:40','',2,1),(320,8245,0,14,'2023-02-27','20:56:53','',2,1),(321,8392,0,60,'2023-02-27','20:57:42','',2,1),(322,8381,0,0,'2023-02-27','20:57:57','',2,0),(323,8349,0,78,'2023-02-27','20:58:10','',2,1),(324,8390,0,0,'2023-02-27','20:58:21','',2,0),(325,8384,0,50,'2023-02-27','20:58:32','',2,1),(326,8397,0,52,'2023-02-28','21:11:11','',3,1),(327,8352,0,58,'2023-02-28','21:11:25','',3,1),(328,8391,0,48,'2023-02-28','21:11:42','',3,1),(329,8405,0,0,'2023-02-28','21:11:58','',3,0),(330,8404,0,45,'2023-02-28','21:12:14','',3,1),(331,8143,0,220,'2023-02-28','21:12:40','',2,1),(332,8370,0,235,'2023-02-28','21:12:58','',2,1),(333,8403,0,85,'2023-02-28','21:13:16','',2,1),(334,8402,0,108,'2023-02-28','21:13:30','',2,1),(335,8378,0,0,'2023-02-28','21:13:52','',2,0),(336,8401,0,54,'2023-02-28','21:14:6','',2,1),(337,8369,0,91,'2023-03-01','21:39:39','',3,1),(338,8396,0,148,'2023-03-01','21:40:3','',3,1),(339,8410,0,0,'2023-03-01','21:40:20','',3,0),(340,8418,0,79,'2023-03-01','21:40:47','',3,1),(341,8406,0,256,'2023-03-01','21:41:26','',2,1),(342,8416,0,51,'2023-03-01','21:41:42','',2,1),(343,8409,0,75,'2023-03-01','21:42:3','',2,1),(344,8411,1,151,'2023-03-01','21:42:37','',2,1),(345,8412,0,110,'2023-03-01','21:42:55','',2,1),(346,8358,0,120,'2023-03-01','21:43:10','',2,1),(347,8417,0,142,'2023-03-01','21:43:28','',2,1),(348,8431,0,45,'2023-03-01','21:43:55','',2,1),(349,8323,0,118,'2023-03-01','21:44:9','',2,1),(350,8365,0,70,'2023-03-01','21:44:24','',2,1),(351,8422,0,0,'2023-03-01','21:44:39','',2,0),(352,8414,0,209,'2023-03-01','21:44:54','',2,1),(353,8413,0,157,'2023-03-02','22:7:26','',3,1),(354,8304,0,45,'2023-03-02','22:7:42','',3,1),(355,8303,0,48,'2023-03-02','22:7:56','',3,1),(356,8407,0,243,'2023-03-02','22:8:16','',3,1),(357,8394,0,163,'2023-03-02','22:8:30','',3,1),(358,8421,0,0,'2023-03-02','22:8:46','',3,0),(359,8446,0,63,'2023-03-02','22:9:4','',3,1),(360,8437,0,0,'2023-03-02','22:9:39','',2,0),(361,8448,0,45,'2023-03-02','22:9:55','',2,1),(362,8426,0,0,'2023-03-02','22:10:9','',2,0),(363,8425,0,50,'2023-03-02','22:10:25','',3,1),(364,8443,0,88,'2023-03-02','22:10:52','',2,1),(365,8447,0,64,'2023-03-02','22:11:11','',3,1),(366,8439,0,57,'2023-03-03','22:28:27','',1,1),(367,8429,0,67,'2023-03-03','22:28:54','',3,1),(368,8399,0,247,'2023-03-03','22:29:10','',3,1),(369,8420,0,0,'2023-03-03','22:29:24','',3,0),(370,8435,0,60,'2023-03-03','22:29:36','',3,1),(371,8428,0,205,'2023-03-03','22:29:50','',3,1),(372,8387,0,143,'2023-03-03','22:30:9','',3,1),(373,8423,0,140,'2023-03-03','22:30:26','',3,1),(374,8436,0,184,'2023-03-03','22:30:41','',3,1),(375,8320,0,51,'2023-03-03','22:30:55','',3,1),(376,8388,0,0,'2023-03-03','22:31:6','',3,0),(377,8441,0,121,'2023-03-03','22:31:31','',3,1),(378,8445,0,100,'2023-03-03','22:31:47','',3,1),(379,8454,0,120,'2023-03-03','22:32:10','',3,1),(380,8400,0,115,'2023-03-03','22:32:27','',3,1),(381,8458,0,152,'2023-03-03','22:32:41','',3,1),(382,8424,0,66,'2023-03-03','22:33:7','',3,1),(383,8459,0,120,'2023-03-03','22:33:28','',3,1),(384,8361,0,146,'2023-03-03','22:33:57','',3,1),(385,8464,0,236,'2023-03-03','22:34:14','',3,1),(386,8463,0,223,'2023-03-03','22:34:32','',3,1),(387,8483,0,45,'2023-03-04','22:52:6','',2,1),(388,8279,1,187,'2023-03-04','22:52:21','',2,1),(389,8395,0,317,'2023-03-04','22:52:38','',2,1),(390,8481,0,90,'2023-03-04','22:53:4','',2,1),(391,8480,0,100,'2023-03-04','22:53:16','',2,1),(392,8427,0,96,'2023-03-04','22:53:46','',2,1),(393,8467,0,97,'2023-03-04','22:53:59','',2,1),(394,8438,0,0,'2023-03-04','22:54:17','',2,0),(395,8393,0,188,'2023-03-04','22:54:41','',2,1),(396,8377,0,240,'2023-03-04','22:54:57','',2,1),(397,8474,0,63,'2023-03-04','22:55:15','',2,1),(398,8479,0,95,'2023-03-04','22:55:34','',2,1),(399,8419,0,112,'2023-03-04','22:56:19','',2,1),(400,8472,0,309,'2023-03-04','22:56:33','',2,1),(401,8495,0,0,'2023-03-04','22:56:49','',2,0);
/*!40000 ALTER TABLE `entregas` ENABLE KEYS */;
UNLOCK TABLES;

--
-- Table structure for table `gastos`
--

DROP TABLE IF EXISTS `gastos`;
/*!40101 SET @saved_cs_client     = @@character_set_client */;
/*!50503 SET character_set_client = utf8mb4 */;
CREATE TABLE `gastos` (
  `id` int(11) NOT NULL AUTO_INCREMENT,
  `comprobante` varchar(45) NOT NULL,
  `descripcion` varchar(45) NOT NULL,
  `precio` decimal(10,0) NOT NULL,
  `fecha` date NOT NULL,
  `formaPago` int(10) DEFAULT NULL,
  PRIMARY KEY (`id`)
) ENGINE=InnoDB AUTO_INCREMENT=11 DEFAULT CHARSET=utf8mb4;
/*!40101 SET character_set_client = @saved_cs_client */;

--
-- Dumping data for table `gastos`
--

LOCK TABLES `gastos` WRITE;
/*!40000 ALTER TABLE `gastos` DISABLE KEYS */;
INSERT INTO `gastos` VALUES (1,'Ticket','Tanque de gas',607,'2023-01-31',1),(2,'Nota','Pipa completa',700,'2023-02-02',1),(3,'Ninguno','Suavitel ',36,'2023-02-03',1),(4,'Ninguno','Copias',45,'2023-02-11',1),(5,'Ticket','Gas',406,'2023-02-14',1),(6,'Nota','Pipa',700,'2023-02-14',1),(7,'Ticket','Gas',409,'2023-02-22',1),(8,'Nota','Pipa',700,'2023-02-27',1),(9,'NAda','Atomizador',33,'2023-02-27',1),(10,'S/N','Papel Higienico',30,'2023-02-28',1);
/*!40000 ALTER TABLE `gastos` ENABLE KEYS */;
UNLOCK TABLES;

--
-- Table structure for table `nomina`
--

DROP TABLE IF EXISTS `nomina`;
/*!40101 SET @saved_cs_client     = @@character_set_client */;
/*!50503 SET character_set_client = utf8mb4 */;
CREATE TABLE `nomina` (
  `codigo` int(11) NOT NULL AUTO_INCREMENT,
  `fechaInicio` date DEFAULT NULL,
  `fechaFinal` date DEFAULT NULL,
  `estado` int(11) DEFAULT NULL,
  PRIMARY KEY (`codigo`)
) ENGINE=InnoDB AUTO_INCREMENT=12 DEFAULT CHARSET=latin1;
/*!40101 SET character_set_client = @saved_cs_client */;

--
-- Dumping data for table `nomina`
--

LOCK TABLES `nomina` WRITE;
/*!40000 ALTER TABLE `nomina` DISABLE KEYS */;
INSERT INTO `nomina` VALUES (4,'2022-12-10','2022-12-15',1),(5,'2023-01-30','2023-02-05',1),(8,'2023-02-06','2023-02-12',1),(9,'2023-02-13','2023-02-19',1),(10,'2023-02-20','2023-02-26',1),(11,'2023-02-27','2023-03-05',0);
/*!40000 ALTER TABLE `nomina` ENABLE KEYS */;
UNLOCK TABLES;

--
-- Table structure for table `nominadiario`
--

DROP TABLE IF EXISTS `nominadiario`;
/*!40101 SET @saved_cs_client     = @@character_set_client */;
/*!50503 SET character_set_client = utf8mb4 */;
CREATE TABLE `nominadiario` (
  `codigo` int(11) NOT NULL AUTO_INCREMENT,
  `nombreEmpleado` varchar(45) DEFAULT NULL,
  `fecha` date DEFAULT NULL,
  `horaInicio` time DEFAULT NULL,
  `horaFinal` time DEFAULT NULL,
  `codigoEmpleado` int(11) NOT NULL,
  `codigoNomina` int(11) NOT NULL,
  PRIMARY KEY (`codigo`),
  KEY `fk_empleado_idx` (`codigoEmpleado`),
  KEY `fk_nomina_idx` (`codigoNomina`),
  CONSTRAINT `fk_empleada` FOREIGN KEY (`codigoEmpleado`) REFERENCES `empleados` (`idempleados`) ON DELETE CASCADE ON UPDATE CASCADE,
  CONSTRAINT `fk_nomina` FOREIGN KEY (`codigoNomina`) REFERENCES `nomina` (`codigo`) ON DELETE CASCADE ON UPDATE CASCADE
) ENGINE=InnoDB AUTO_INCREMENT=46 DEFAULT CHARSET=latin1;
/*!40101 SET character_set_client = @saved_cs_client */;

--
-- Dumping data for table `nominadiario`
--

LOCK TABLES `nominadiario` WRITE;
/*!40000 ALTER TABLE `nominadiario` DISABLE KEYS */;
INSERT INTO `nominadiario` VALUES (1,'Guadalupe','2023-01-30','08:00:20','19:30:07',3,5),(2,'Jonathan Gil','2023-01-31','08:00:20','15:31:00',2,5),(3,'Guadalupe','2023-01-31','13:20:01','19:30:07',3,5),(4,'Guadalupe','2023-02-01','08:35:58','15:36:04',3,5),(5,'Jonathan Gil','2023-02-01','13:20:09','19:36:23',2,5),(6,'Jonathan Gil','2023-02-02','13:20:09','19:36:23',2,5),(7,'Guadalupe','2023-02-02','08:02:58','15:33:04',3,5),(8,'Guadalupe','2023-02-03','08:00:21','15:33:04',3,5),(9,'Jonathan Gil','2023-02-03','12:20:09','19:36:23',2,5),(10,'Guadalupe','2023-02-04','12:02:06','19:32:11',3,5),(11,'Jonathan Gil','2023-02-04','08:02:16','15:31:22',2,5),(12,'Jonathan Gil','2023-02-07','13:11:40','19:33:45',2,8),(13,'Jonathan Gil','2023-02-08','13:11:40','19:33:45',2,8),(14,'Guadalupe','2023-02-07','08:02:00','15:33:06',3,8),(15,'Guadalupe','2023-02-08','08:02:00','15:33:06',3,8),(16,'Guadalupe','2023-02-09','08:02:00','15:33:06',3,8),(17,'Guadalupe','2023-02-10','08:02:00','15:33:06',3,8),(18,'Guadalupe','2023-02-11','08:02:00','15:33:06',3,8),(19,'Jonathan Gil','2023-02-09','13:11:40','19:33:45',2,8),(20,'Jonathan Gil','2023-02-10','13:11:40','19:33:45',2,8),(21,'Jonathan Gil','2023-02-11','12:01:15','19:33:45',2,8),(22,'Guadalupe','2023-02-13','08:02:00','15:33:06',3,9),(23,'Guadalupe','2023-02-14','08:02:00','15:33:06',3,9),(24,'Guadalupe','2023-02-15','08:02:00','15:33:06',3,9),(25,'Guadalupe','2023-02-16','08:02:00','15:33:06',3,9),(26,'Jonathan Gil','2023-02-13','13:11:40','19:33:45',2,9),(27,'Jonathan Gil','2023-02-14','13:11:40','19:33:45',2,9),(28,'Jonathan Gil','2023-02-15','13:11:40','19:33:45',2,9),(29,'Jonathan Gil','2023-02-16','13:11:40','19:33:45',2,9),(30,'Guadalupe','2023-02-17','08:02:00','15:33:06',3,9),(31,'Guadalupe','2023-02-18','08:02:00','15:33:06',3,9),(32,'Jonathan Gil','2023-02-17','13:11:40','19:33:45',2,9),(33,'Jonathan Gil','2023-02-18','13:11:40','19:33:45',2,9),(34,'Guadalupe','2023-02-20','20:31:25','20:31:30',3,10),(35,'Guadalupe','2023-02-21','20:31:34','20:31:37',3,10),(36,'Guadalupe','2023-02-22','20:31:41','20:31:47',3,10),(37,'Guadalupe','2023-02-23','20:31:50','20:31:54',3,10),(38,'Guadalupe','2023-02-24','20:31:57','20:32:05',3,10),(39,'Guadalupe','2023-02-25','22:23:35','22:23:39',3,10),(40,'Jonathan Gil','2023-02-20','22:23:48','22:23:51',2,10),(41,'Jonathan Gil','2023-02-21','22:25:09','22:25:12',2,10),(42,'Jonathan Gil','2023-02-22','22:25:15','22:25:18',2,10),(43,'Jonathan Gil','2023-02-23','22:25:21','22:25:23',2,10),(44,'Jonathan Gil','2023-02-24','22:25:55','22:25:59',2,10),(45,'Jonathan Gil','2023-02-25','22:26:02','22:26:29',2,10);
/*!40000 ALTER TABLE `nominadiario` ENABLE KEYS */;
UNLOCK TABLES;

--
-- Table structure for table `notas`
--

DROP TABLE IF EXISTS `notas`;
/*!40101 SET @saved_cs_client     = @@character_set_client */;
/*!50503 SET character_set_client = utf8mb4 */;
CREATE TABLE `notas` (
  `folio` int(11) NOT NULL AUTO_INCREMENT,
  `codigoCliente` int(11) NOT NULL,
  `anticipo` decimal(10,2) NOT NULL,
  `diaEntrega` varchar(45) NOT NULL,
  `horaEntrega` varchar(45) NOT NULL,
  `nombreCliente` varchar(45) NOT NULL,
  `apellidoCliente` varchar(45) NOT NULL,
  `totalPagar` decimal(10,2) NOT NULL,
  `totalVenta` decimal(10,2) NOT NULL,
  `entrega` varchar(45) NOT NULL,
  `saldo` int(11) NOT NULL,
  `estado` int(11) NOT NULL,
  `entregaDia` date NOT NULL DEFAULT '0001-01-01',
  `entregaHora` time NOT NULL DEFAULT '00:01:00',
  `diaRecibido` date NOT NULL,
  `horaRecibido` time NOT NULL,
  `folioEntrega` int(11) DEFAULT NULL,
  `idRecibe` int(11) NOT NULL,
  `idCancelacion` int(11) DEFAULT NULL,
  `iva` decimal(10,2) DEFAULT NULL,
  `subTotal` decimal(10,2) DEFAULT NULL,
  `formaPago` int(10) DEFAULT NULL,
  `notascol` varchar(45) DEFAULT 'null',
  PRIMARY KEY (`folio`),
  KEY `fk_cliente_idx` (`codigoCliente`),
  KEY `fk_cancelar_idx` (`idCancelacion`),
  KEY `fk_entregas_idx` (`folioEntrega`),
  KEY `fk_recibe_idx` (`idRecibe`),
  CONSTRAINT `fk_cancelarID` FOREIGN KEY (`idCancelacion`) REFERENCES `cancelar` (`idcancelar`) ON DELETE CASCADE ON UPDATE CASCADE,
  CONSTRAINT `fk_clientes` FOREIGN KEY (`codigoCliente`) REFERENCES `clientes` (`id`) ON DELETE CASCADE ON UPDATE CASCADE,
  CONSTRAINT `fk_entregas` FOREIGN KEY (`folioEntrega`) REFERENCES `entregas` (`identregas`) ON DELETE CASCADE ON UPDATE CASCADE,
  CONSTRAINT `fk_recibe` FOREIGN KEY (`idRecibe`) REFERENCES `empleados` (`idempleados`) ON DELETE CASCADE ON UPDATE CASCADE
) ENGINE=InnoDB AUTO_INCREMENT=8502 DEFAULT CHARSET=utf8mb4;
/*!40101 SET character_set_client = @saved_cs_client */;

--
-- Dumping data for table `notas`
--

LOCK TABLES `notas` WRITE;
/*!40000 ALTER TABLE `notas` DISABLE KEYS */;
INSERT INTO `notas` VALUES (5994,74,0.00,'2023-02-08','18:30','Maricela','Velazquez',50.00,50.00,'0',0,0,'0001-01-01','00:01:00','2023-01-01','20:42:29',NULL,2,NULL,0.00,0.00,0,'null'),(7423,75,0.00,'2023-02-09','18:30','Cesar','Tijerina',0.00,256.00,'1',1,0,'2023-02-09','21:50:57','2023-01-01','20:45:12',3,3,NULL,0.00,0.00,0,'null'),(7656,89,0.00,'2023-02-09','18:30','Edgar','Anano',0.00,100.00,'1',1,0,'2023-02-20','21:03:22','2023-01-01','21:10:15',3,3,NULL,0.00,0.00,1,'null'),(7758,73,0.00,'2023-02-08','18:30','Nancy','Romero',235.00,235.00,'0',0,0,'0001-01-01','00:01:00','2023-01-01','20:39:41',NULL,2,NULL,0.00,0.00,0,'null'),(7849,81,0.00,'2023-02-09','18:30','Yair','PErez',0.00,100.00,'1',1,0,'2023-02-07','20:26:06','2023-01-01','21:01:13',3,3,NULL,0.00,0.00,0,'null'),(7858,87,50.50,'2023-02-09','18:30','Abel','Guzman',2.00,52.50,'0',0,0,'0001-01-01','00:01:00','2023-01-01','21:08:28',NULL,2,NULL,0.00,0.00,1,'null'),(7911,82,0.00,'2023-02-09','18:30','Gabriel','Meza',0.50,154.50,'1',0,0,'2023-02-16','18:58:44','2023-01-01','21:02:16',2,2,NULL,0.00,0.00,0,'null'),(7965,86,0.00,'2023-02-10','18:30','Cristina','SA',0.00,100.00,'1',1,0,'2023-02-16','18:55:34','2023-01-01','21:07:32',2,3,NULL,0.00,0.00,0,'null'),(7987,85,0.00,'2023-02-09','18:30','Oscar','Ramirez',96.00,96.00,'0',0,0,'0001-01-01','00:01:00','2023-01-01','21:06:34',NULL,3,NULL,0.00,0.00,0,'null'),(7994,80,0.00,'2023-02-09','18:30','Viridiana','Calvo',0.00,70.00,'1',1,0,'2023-02-08','20:54:06','2023-01-01','21:00:22',2,3,NULL,0.00,0.00,0,'null'),(7997,122,0.00,'2023-01-01','18:30','Carlos','Barajas',0.00,45.00,'1',1,0,'2023-02-09','22:00:36','2023-01-01','08:00:00',3,1,NULL,0.00,0.00,0,'null'),(8000,88,0.00,'2023-02-10','18:30','Carmen','Reyna',0.00,20.00,'1',1,0,'2023-02-10','06:55:59','2023-01-01','21:09:30',3,2,NULL,0.00,0.00,1,'null'),(8020,83,0.00,'2023-02-08','18:30','Cinthia','Santos',0.50,184.50,'1',0,0,'2023-02-13','20:50:31','2023-01-01','21:02:54',2,3,NULL,0.00,0.00,0,'null'),(8025,15,0.00,'2023-02-09','18:30','Viridiana','Del Carmen',0.00,93.00,'1',1,0,'2023-02-08','20:54:25','2023-01-01','21:04:28',2,2,NULL,0.00,0.00,0,'null'),(8032,90,0.00,'2023-02-08','18:30','Liliana','Alto',0.00,200.00,'1',1,0,'2023-02-11','10:13:53','2023-01-01','21:11:34',2,3,NULL,0.00,0.00,1,'null'),(8033,76,0.00,'2023-02-09','18:30','Magali','Rueda',0.00,111.00,'1',1,0,'2023-02-07','21:16:43','2023-01-01','20:46:12',2,2,NULL,0.00,0.00,0,'null'),(8035,38,0.00,'2023-02-10','18:30','Noemi','SA',100.00,100.00,'0',0,0,'0001-01-01','00:01:00','2023-01-01','21:01:38',NULL,2,NULL,0.00,0.00,0,'null'),(8038,78,0.00,'2023-02-09','18:30','Kevin','Valencia',0.50,212.50,'1',0,0,'2023-02-25','20:30:40','2023-01-01','20:58:46',3,2,NULL,0.00,0.00,0,'null'),(8039,79,0.00,'2023-02-09','18:30','Leticia','Aguilar',120.00,120.00,'0',0,0,'0001-01-01','00:01:00','2023-01-01','20:59:30',NULL,2,NULL,0.00,0.00,0,'null'),(8046,77,0.00,'2023-02-09','18:30','Alejandro','Hernandez',0.00,132.00,'1',1,0,'2023-02-07','21:17:46','2023-01-01','21:03:28',2,3,NULL,0.00,0.00,0,'null'),(8048,77,0.00,'2023-02-09','18:30','Alejandro','Hernandez',0.00,97.50,'1',1,0,'2023-02-07','21:17:29','2023-01-01','21:05:07',2,3,NULL,0.00,0.00,0,'null'),(8049,77,0.00,'2023-02-09','18:30','Alejandro','Hernandez',0.00,100.50,'1',1,0,'2023-02-07','21:17:05','2023-01-01','20:47:13',2,3,NULL,0.00,0.00,0,'null'),(8063,84,0.00,'2023-02-09','18:30','Marisol','Cornejo',0.00,96.90,'1',1,0,'2023-02-08','21:06:47','2023-01-01','21:05:54',2,3,NULL,0.00,0.00,0,'null'),(8064,1,0.00,'2023-01-31','18:30','Liliana','Pachuca',0.00,168.00,'1',1,0,'2023-02-08','21:06:24','2023-01-31','20:22:58',2,3,NULL,0.00,0.00,0,'null'),(8065,2,0.00,'2023-01-31','18:30','Ana','Ponce',0.00,90.00,'1',1,0,'2023-02-02','20:39:22','2023-01-31','20:29:51',2,3,NULL,0.00,0.00,0,'null'),(8066,3,0.00,'2023-01-31','18:30','Guadalupe','Ponce',0.00,55.00,'1',1,0,'2023-02-03','21:37:34','2023-01-31','20:34:16',3,3,NULL,0.00,0.00,0,'null'),(8067,4,0.00,'2023-01-31','18:30','Maricarmen','Hipolito',0.00,194.00,'1',1,0,'2023-02-02','20:34:32','2023-01-31','20:36:39',3,3,NULL,0.00,0.00,0,'null'),(8068,5,0.00,'2023-01-31','18:30','Maria','Isabel',0.00,102.00,'1',1,0,'2023-02-04','08:53:04','2023-01-31','20:37:21',2,3,NULL,0.00,0.00,0,'null'),(8069,6,0.00,'2023-01-31','18:30','Roberto','Cruz',0.00,131.00,'1',1,0,'2023-02-08','20:52:49','2023-01-31','20:38:30',3,3,NULL,0.00,0.00,0,'null'),(8070,7,100.00,'2023-01-31','18:30','Brenda','SA',0.00,183.00,'1',1,0,'2023-02-02','20:35:26','2023-01-31','20:39:10',3,3,NULL,0.00,0.00,1,'null'),(8071,8,0.00,'2023-01-31','18:30','Axel','Ruiz',0.00,78.00,'1',1,0,'2023-02-02','20:36:46','2023-01-31','20:43:30',3,3,NULL,0.00,0.00,1,'null'),(8072,9,95.00,'2023-01-31','18:30','Concepcion','Ruiz',0.00,95.00,'1',1,0,'2023-02-14','20:34:49','2023-01-31','20:44:15',3,3,NULL,0.00,0.00,1,'null'),(8073,10,50.00,'2023-01-31','18:30','Yazmin','Fabiola',0.00,50.00,'1',1,0,'2023-02-04','08:51:56','2023-01-31','20:45:54',2,2,NULL,0.00,0.00,1,'null'),(8074,11,0.00,'2023-01-31','18:30','Felipe','Moto',0.00,187.00,'1',1,0,'2023-02-02','20:36:13','2023-01-31','20:47:59',3,2,NULL,0.00,0.00,1,'null'),(8075,12,0.00,'2023-02-02','18:30','Jorge','Luis',114.00,114.00,'0',0,0,'0001-01-01','00:01:00','2023-02-01','08:12:42',NULL,3,NULL,0.00,0.00,0,'null'),(8076,13,0.00,'2023-02-02','18:30','Cesar','Mendoza',0.00,90.00,'1',1,0,'2023-02-04','08:50:41','2023-02-01','08:20:16',1,3,NULL,0.00,0.00,0,'null'),(8077,14,0.00,'2023-02-02','18:30','Aurora','Pinacho',0.00,150.00,'1',1,0,'2023-02-04','08:53:52','2023-02-01','08:20:45',2,3,NULL,0.00,0.00,0,'null'),(8078,15,0.00,'2023-02-02','18:30','Viridiana','Del Carmen',0.00,50.00,'1',1,0,'2023-02-11','10:13:19','2023-02-01','08:21:22',2,3,NULL,0.00,0.00,0,'null'),(8079,16,118.00,'2023-02-02','18:30','Edwin ','Alvarez',0.00,118.00,'1',1,0,'2023-02-04','08:55:04','2023-02-01','08:22:06',3,3,NULL,0.00,0.00,1,'null'),(8080,17,0.00,'2023-02-02','18:30','Isaias','Mendoza',0.00,82.00,'1',1,0,'2023-02-10','07:08:29','2023-02-01','08:23:49',3,3,NULL,0.00,0.00,1,'null'),(8081,18,0.00,'2023-02-02','18:30','Isabel','Hugo',0.00,118.00,'1',1,0,'2023-02-03','21:35:49','2023-02-01','08:25:14',3,3,NULL,0.00,0.00,0,'null'),(8082,19,0.00,'2023-02-02','18:30','Micaela','Molina',0.00,250.00,'1',1,0,'2023-02-04','08:54:12','2023-02-01','08:25:46',2,3,NULL,0.00,0.00,0,'null'),(8083,20,0.00,'2023-02-02','18:30','Lizbeth','Santaella',0.00,87.00,'1',1,0,'2023-02-04','08:56:19','2023-02-01','08:26:33',3,3,NULL,0.00,0.00,0,'null'),(8084,21,57.00,'2023-02-02','18:30','Samuel','Flores',0.00,57.00,'1',1,0,'2023-02-02','20:38:56','2023-02-01','08:28:15',2,3,NULL,0.00,0.00,1,'null'),(8085,22,0.00,'2023-02-02','18:30','Uriel','Gomez',0.00,120.00,'1',1,0,'2023-02-02','20:38:31','2023-02-01','08:28:44',2,3,NULL,0.00,0.00,1,'null'),(8086,23,0.00,'2023-02-02','18:30','Juan','Barranco',0.00,188.00,'1',1,0,'2023-02-02','20:37:14','2023-02-01','08:29:43',3,2,NULL,0.00,0.00,1,'null'),(8087,24,0.00,'2023-02-02','18:30','Sofia','Vazco',0.00,138.00,'1',1,0,'2023-02-04','08:57:08','2023-02-01','08:30:15',3,2,NULL,0.00,0.00,1,'null'),(8088,25,0.00,'2023-02-03','18:30','Diana','Ramirez',0.00,115.00,'1',1,0,'2023-02-04','08:55:57','2023-02-01','08:31:19',3,2,NULL,0.00,0.00,1,'null'),(8089,26,90.00,'2023-02-03','18:30','Urbano','Domicilio',0.00,90.00,'1',1,0,'2023-02-08','20:53:08','2023-02-01','08:32:01',3,2,NULL,0.00,0.00,1,'null'),(8090,27,0.00,'2023-02-03','18:30','Ericka','Zarate',0.00,100.00,'1',1,0,'2023-02-08','21:05:26','2023-02-01','08:32:36',2,2,NULL,0.00,0.00,1,'null'),(8091,28,0.00,'2023-02-03','18:30','Jose','Salud',0.00,100.00,'1',1,0,'2023-02-03','21:38:04','2023-02-01','08:33:04',3,2,NULL,0.00,0.00,1,'null'),(8092,29,0.00,'2023-02-03','18:30','David','Hernandez',0.50,62.50,'1',0,0,'2023-02-03','21:38:38','2023-02-01','08:33:35',2,2,NULL,0.00,0.00,1,'null'),(8093,7,0.00,'2023-02-03','18:30','Brenda','SA',0.00,105.00,'1',1,0,'2023-02-10','07:46:58','2023-02-02','20:11:11',2,3,NULL,0.00,0.00,0,'null'),(8094,30,0.00,'2023-02-03','18:30','Noe','SA',0.00,55.00,'1',1,0,'2023-02-02','20:38:10','2023-02-02','20:12:07',2,3,NULL,0.00,0.00,0,'null'),(8095,31,0.00,'2023-02-03','18:30','Marcos','Martinez',0.00,191.00,'1',1,0,'2023-02-09','21:50:38','2023-02-02','20:13:20',3,3,NULL,0.00,0.00,0,'null'),(8096,32,45.00,'2023-02-03','18:30','Maria','Magdalena',0.00,45.00,'1',1,0,'2023-02-04','08:52:19','2023-02-02','20:14:01',2,3,NULL,0.00,0.00,1,'null'),(8097,33,0.00,'2023-02-03','18:30','Rufino','SA',0.00,135.00,'1',1,0,'2023-02-07','20:25:30','2023-02-02','20:14:49',3,3,NULL,0.00,0.00,1,'null'),(8098,34,0.00,'2023-02-03','18:30','Irving','Lopez',0.00,77.00,'1',1,0,'2023-02-08','20:52:30','2023-02-02','20:19:17',3,3,NULL,0.00,0.00,1,'null'),(8099,35,0.00,'2023-02-03','18:30','Monica','Lopez',0.00,140.00,'1',1,0,'2023-02-13','20:51:30','2023-02-02','20:20:15',2,3,NULL,0.00,0.00,1,'null'),(8100,36,0.00,'2023-02-03','18:30','Julieta','SA',0.00,192.00,'1',1,0,'2023-02-04','08:55:38','2023-02-02','20:21:03',3,3,NULL,0.00,0.00,1,'null'),(8101,37,0.00,'2023-02-03','18:30','Imelda','Vivas',0.00,260.00,'1',1,0,'2023-02-03','21:39:14','2023-02-02','20:22:33',2,3,NULL,0.00,0.00,1,'null'),(8102,38,0.00,'2023-02-03','18:30','Noemi','SA',0.00,188.00,'1',1,0,'2023-02-04','08:52:41','2023-02-02','20:23:55',2,3,NULL,0.00,0.00,1,'null'),(8103,39,0.00,'2023-02-04','18:30','Jonathan','Carrera',0.00,144.00,'1',1,0,'2023-02-07','20:29:20','2023-02-02','20:26:08',3,2,NULL,0.00,0.00,1,'null'),(8104,40,0.00,'2023-02-04','18:30','Esteban','Lopez',0.00,108.00,'1',1,0,'2023-02-07','20:25:48','2023-02-02','20:27:42',3,2,NULL,0.00,0.00,0,'null'),(8105,41,144.00,'2023-02-04','18:30','Edgar','Santiago',0.00,144.00,'1',1,0,'2023-02-03','21:36:28','2023-02-02','20:28:47',3,2,NULL,0.00,0.00,1,'null'),(8106,42,0.00,'2023-02-04','18:30','Noe','Enrique',0.00,166.00,'1',1,0,'2023-02-09','21:52:35','2023-02-02','20:29:54',3,2,NULL,0.00,0.00,1,'null'),(8107,43,240.00,'2023-02-04','18:30','Adrian','Chavez',0.00,240.00,'1',1,0,'2023-02-04','08:57:52','2023-02-02','20:32:25',3,2,NULL,0.00,0.00,1,'null'),(8108,44,0.00,'2023-02-04','18:30','Viviana','Juarez',0.00,82.00,'1',1,0,'2023-02-08','21:04:41','2023-02-03','20:01:42',2,3,NULL,0.00,0.00,0,'null'),(8109,45,0.00,'2023-02-04','18:30','Juan','Enrique',0.00,45.00,'1',1,0,'2023-02-07','20:24:32','2023-02-03','21:23:47',3,3,NULL,0.00,0.00,0,'null'),(8110,47,0.00,'2023-02-04','18:30','Jose','Hernandez',0.00,172.00,'1',1,0,'2023-02-04','08:51:22','2023-02-03','21:24:40',2,3,NULL,0.00,0.00,0,'null'),(8111,48,233.00,'2023-02-04','18:30','Leonardo','Diaz',0.00,233.00,'0',1,0,'0001-01-01','00:01:00','2023-02-03','21:26:13',NULL,3,NULL,0.00,0.00,1,'null'),(8112,49,0.00,'2023-02-04','18:30','Camilo','Reyes',90.00,90.00,'0',0,0,'0001-01-01','00:01:00','2023-02-03','21:26:52',NULL,3,NULL,0.00,0.00,1,'null'),(8113,50,0.00,'2023-02-11','18:30','Nereida','Solano',0.00,196.00,'1',1,0,'2023-02-07','20:25:12','2023-02-03','21:27:57',3,3,NULL,0.00,0.00,1,'null'),(8114,51,48.00,'2023-02-03','18:30','Isai','Martinez',0.00,48.00,'1',1,0,'2023-02-04','08:57:36','2023-02-03','21:29:00',3,3,NULL,0.00,0.00,1,'null'),(8115,52,0.00,'2023-02-04','18:30','Alexis','Lopez',0.00,66.00,'1',1,0,'2023-02-07','20:23:40','2023-02-03','21:29:55',3,2,NULL,0.00,0.00,1,'null'),(8116,36,0.00,'2023-02-04','18:30','Julieta','SA',0.00,150.00,'1',1,0,'2023-02-10','07:03:59','2023-02-03','21:30:44',3,2,NULL,0.00,0.00,1,'null'),(8117,53,0.00,'2023-02-04','18:30','Brayan','Aguilar',0.00,45.00,'1',1,0,'2023-02-07','20:24:06','2023-02-03','21:31:29',3,2,NULL,0.00,0.00,1,'null'),(8118,54,0.00,'2023-02-04','18:30','Danilo','Ramirez',0.00,52.00,'1',1,0,'2023-02-07','20:37:16','2023-02-03','21:32:19',2,2,NULL,0.00,0.00,1,'null'),(8119,55,0.00,'2023-02-04','18:30','Carmen','Aragon',120.00,120.00,'0',0,0,'0001-01-01','00:01:00','2023-02-03','21:33:28',NULL,2,NULL,0.00,0.00,1,'null'),(8120,56,76.50,'2023-02-07','18:30','Jonathan','Diaz',0.00,76.50,'1',1,0,'2023-02-07','20:34:09','2023-02-04','08:08:25',2,2,NULL,0.00,0.00,1,'null'),(8121,57,0.00,'2023-02-07','18:30','Candy','Martinez',0.00,139.00,'1',1,0,'2023-02-13','20:48:46','2023-02-04','08:09:37',3,2,NULL,0.00,0.00,1,'null'),(8122,58,0.00,'2023-02-07','18:30','Alejandro','Jarquin',0.00,50.00,'1',1,0,'2023-02-07','20:34:27','2023-02-04','08:10:33',2,2,NULL,0.00,0.00,1,'null'),(8123,59,0.00,'2023-02-07','18:30','Carlos','Joel',0.00,51.00,'1',1,0,'2023-02-07','20:31:15','2023-02-04','08:11:25',2,2,NULL,0.00,0.00,1,'null'),(8124,60,0.00,'2023-02-07','18:30','Roberto','Hernandez',79.00,79.00,'0',0,0,'0001-01-01','00:01:00','2023-02-04','08:15:28',NULL,2,NULL,0.00,0.00,0,'null'),(8125,61,0.00,'2023-02-07','18:30','Rosa','Ramona',0.00,298.00,'1',1,0,'2023-02-08','21:04:22','2023-02-04','08:17:46',2,2,NULL,0.00,0.00,0,'null'),(8126,62,66.00,'2023-02-07','18:30','Esmeralda','Jarquin',0.00,66.00,'1',1,0,'2023-02-08','20:55:19','2023-02-04','08:18:51',3,2,NULL,0.00,0.00,1,'null'),(8127,63,0.00,'2023-02-07','18:30','Marcos','Jarquin',0.00,45.00,'1',1,0,'2023-02-11','10:12:30','2023-02-04','08:19:32',2,2,NULL,0.00,0.00,1,'null'),(8128,64,0.00,'2023-02-07','18:30','Teresa','Cruz',0.00,120.00,'1',1,0,'2023-02-10','07:46:07','2023-02-04','08:20:28',2,2,NULL,0.00,0.00,1,'null'),(8129,65,0.00,'2023-02-07','18:30','Elena','Martinez',0.00,45.00,'1',1,0,'2023-02-07','20:30:00','2023-02-04','08:21:08',2,2,NULL,0.00,0.00,1,'null'),(8130,66,50.00,'2023-02-07','18:30','Mario','Cabrera',0.00,50.00,'1',1,0,'2023-02-07','20:30:51','2023-02-04','08:22:57',2,2,NULL,0.00,0.00,1,'null'),(8131,67,0.00,'2023-02-07','18:30','Marco','Antonio',0.00,118.00,'1',1,0,'2023-02-08','20:52:15','2023-02-04','08:23:56',3,3,NULL,0.00,0.00,1,'null'),(8132,68,0.00,'2023-02-07','18:30','Jesus','Silva',0.00,82.00,'1',1,0,'2023-02-08','21:05:05','2023-02-04','08:24:57',2,3,NULL,0.00,0.00,1,'null'),(8133,69,54.00,'2023-02-07','18:30','Miguel','Plaza',0.00,54.00,'1',1,0,'2023-02-08','21:06:07','2023-02-04','08:25:37',2,3,NULL,0.00,0.00,1,'null'),(8134,70,300.00,'2023-02-07','18:30','Graciela','Flores',0.00,490.00,'1',1,0,'2023-02-11','10:14:44','2023-02-04','08:27:11',2,3,NULL,0.00,0.00,1,'null'),(8135,71,100.00,'2023-02-07','18:30','Lourdes','SA',0.00,100.00,'1',1,0,'2023-02-09','21:52:16','2023-02-04','08:28:19',3,3,NULL,0.00,0.00,1,'null'),(8136,72,0.00,'2023-02-07','18:30','Maria','Rosa',0.00,50.00,'1',1,0,'2023-02-08','21:05:47','2023-02-04','08:29:11',2,3,NULL,0.00,0.00,1,'null'),(8137,91,0.00,'2023-02-08','18:30','Erick','Ayuzo',0.00,107.00,'1',1,0,'2023-02-08','21:07:03','2023-02-07','20:07:55',2,3,NULL,0.00,0.00,0,'null'),(8138,92,0.00,'2023-02-08','18:30','Angelica','Garcia',0.00,220.00,'1',1,0,'2023-02-10','07:21:33','2023-02-07','20:08:52',2,3,NULL,0.00,0.00,0,'null'),(8139,93,0.00,'2023-02-08','18:30','Enrique','Lopez',0.00,54.00,'1',1,0,'2023-02-10','06:56:23','2023-02-07','20:09:35',3,3,NULL,0.00,0.00,0,'null'),(8140,94,0.00,'2023-02-08','18:30','Jaime','Ramos',0.00,90.00,'1',1,0,'2023-02-21','21:37:39','2023-02-07','20:10:14',2,3,NULL,0.00,0.00,0,'null'),(8141,95,0.00,'2023-02-08','18:30','Alfredo','SA',0.00,80.00,'1',1,0,'2023-02-08','21:07:16','2023-02-07','20:11:15',2,3,NULL,0.00,0.00,0,'null'),(8142,96,0.00,'2023-02-08','18:30','Emilio','Julian',0.00,88.50,'1',1,0,'2023-02-09','06:40:30','2023-02-07','20:12:29',3,3,NULL,0.00,0.00,0,'null'),(8143,97,0.00,'2023-02-09','18:30','Beling','Habana',0.00,220.00,'1',1,0,'2023-02-28','21:12:40','2023-02-07','20:13:10',2,3,NULL,0.00,0.00,0,'null'),(8144,98,0.00,'2023-02-09','18:30','Ricardo','Sibaja',0.00,127.50,'1',1,0,'2023-02-11','08:22:33','2023-02-07','20:14:13',3,3,NULL,0.00,0.00,0,'null'),(8145,99,0.00,'2023-02-08','18:30','Fernando','Gonzales',0.00,100.00,'1',1,0,'2023-02-09','21:44:48','2023-02-07','20:15:07',3,3,NULL,0.00,0.00,0,'null'),(8146,50,0.00,'2023-02-09','18:30','Nereida','Solano',0.00,122.00,'1',1,0,'2023-02-15','06:35:07','2023-02-07','20:15:45',2,3,NULL,0.00,0.00,0,'null'),(8147,76,0.00,'2023-02-08','18:30','Magali','Rueda',0.50,118.50,'1',0,0,'2023-02-17','19:28:54','2023-02-07','20:16:20',2,2,NULL,0.00,0.00,0,'null'),(8148,39,0.00,'2023-02-08','18:30','Jonathan','Carrera',0.00,235.00,'1',1,0,'2023-02-10','06:56:44','2023-02-07','20:16:57',3,2,NULL,0.00,0.00,0,'null'),(8149,77,0.00,'2023-02-08','18:30','Alejandro','Hernandez',0.00,170.00,'1',1,0,'2023-02-17','19:30:07','2023-02-07','20:17:34',2,2,NULL,0.00,0.00,0,'null'),(8150,14,0.00,'2023-02-09','18:30','Aurora','Pinacho',0.00,168.00,'1',1,0,'2023-02-09','21:55:48','2023-02-07','20:18:06',2,2,NULL,0.00,0.00,0,'null'),(8151,100,0.00,'2023-02-08','18:30','Manuel','Gomez',0.50,166.50,'1',0,0,'2023-02-13','20:50:58','2023-02-07','20:18:59',2,2,NULL,0.00,0.00,0,'null'),(8152,101,380.00,'2023-02-08','18:30','Roberto','Gutierrez',0.00,380.00,'1',1,0,'2023-02-11','08:47:31','2023-02-07','20:19:46',3,2,NULL,0.00,0.00,1,'null'),(8153,102,0.00,'2023-02-08','18:30','Gabriel','Robles',0.00,45.00,'1',1,0,'2023-02-10','07:45:55','2023-02-07','20:20:22',2,2,NULL,0.00,0.00,1,'null'),(8154,103,0.00,'2023-02-09','18:30','Donaji','Garcia',0.00,120.00,'1',1,0,'2023-02-09','21:52:58','2023-02-07','20:20:56',2,2,NULL,0.00,0.00,1,'null'),(8155,104,0.00,'2023-02-09','18:30','Nelsi','Aparicio',0.00,213.00,'1',1,0,'2023-02-11','10:12:45','2023-02-07','20:21:48',2,2,NULL,0.00,0.00,1,'null'),(8156,105,0.00,'2023-02-09','18:30','Taller','Alado',0.00,129.00,'1',1,0,'2023-02-09','21:44:26','2023-02-08','20:40:35',3,3,NULL,0.00,0.00,0,'null'),(8157,74,0.00,'2023-02-09','18:30','Maricela','Velazquez',0.00,65.00,'1',1,0,'2023-02-10','06:55:06','2023-02-08','20:41:19',3,3,NULL,0.00,0.00,0,'null'),(8158,16,172.50,'2023-02-09','18:30','Edwin ','Alvarez',0.00,172.50,'1',1,0,'2023-02-11','10:13:36','2023-02-08','20:41:53',2,3,NULL,0.00,0.00,1,'null'),(8159,106,0.00,'2023-02-09','18:30','Maria','De los angeles',0.00,100.00,'1',1,0,'2023-02-20','21:05:44','2023-02-08','20:42:36',3,3,NULL,0.00,0.00,1,'null'),(8160,80,82.50,'2023-02-09','18:30','Viridiana','Calvo',0.00,82.50,'0',1,0,'0001-01-01','00:01:00','2023-02-08','20:43:28',NULL,2,NULL,0.00,0.00,1,'null'),(8161,107,0.00,'2023-02-09','18:30','Paco','Gil',0.00,79.50,'1',1,0,'2023-02-10','06:55:39','2023-02-08','20:44:17',3,2,NULL,0.00,0.00,1,'null'),(8162,88,0.00,'2023-02-09','18:30','Carmen','Reyna',0.00,103.50,'1',1,0,'2023-02-10','06:54:49','2023-02-08','20:44:48',3,2,NULL,0.00,0.00,1,'null'),(8163,108,0.00,'2023-02-09','18:30','Noemi','Hernandez',0.00,79.00,'1',1,0,'2023-02-10','08:07:43','2023-02-08','20:45:38',3,2,NULL,0.00,0.00,1,'null'),(8164,109,0.00,'2023-02-09','18:30','Alamos','Domicilio',0.00,150.00,'1',1,0,'2023-02-11','10:36:15','2023-02-08','20:46:29',2,2,NULL,0.00,0.00,1,'null'),(8165,110,0.00,'2023-02-09','18:30','Yahuiche','Domicilio',0.00,731.00,'1',1,0,'2023-02-21','21:36:07','2023-02-08','20:47:38',3,2,NULL,0.00,0.00,1,'null'),(8166,111,0.00,'2023-02-09','18:30','Elizabeth','Vera',0.00,63.00,'1',1,0,'2023-02-17','19:31:29','2023-02-08','20:48:19',2,2,NULL,0.00,0.00,1,'null'),(8167,112,0.00,'2023-02-09','18:30','Cesar','Martinez',0.00,81.00,'1',1,0,'2023-02-17','19:31:17','2023-02-08','20:49:14',2,2,NULL,0.00,0.00,1,'null'),(8168,113,0.00,'2023-02-10','18:30','Judith','Gonzales',0.00,46.50,'1',1,0,'2023-02-10','07:46:43','2023-02-08','20:49:49',2,2,NULL,0.00,0.00,1,'null'),(8169,114,0.00,'2023-02-09','18:30','Guillermo','Ramirez',0.00,100.00,'1',1,0,'2023-02-10','07:45:12','2023-02-08','20:50:21',2,2,NULL,0.00,0.00,1,'null'),(8170,29,0.00,'2023-02-10','18:30','David','Hernandez',0.00,50.00,'1',1,0,'2023-02-10','07:46:26','2023-02-08','20:50:52',2,2,NULL,0.00,0.00,1,'null'),(8171,115,0.00,'2023-02-10','18:30','Cinthia','Acosta',218.50,218.50,'0',0,0,'0001-01-01','00:01:00','2023-02-09','21:27:33',NULL,3,NULL,0.00,0.00,0,'null'),(8172,13,0.00,'2023-02-11','18:30','Cesar','Mendoza',0.00,75.00,'1',1,0,'2023-02-11','08:22:19','2023-02-09','21:28:02',3,3,NULL,0.00,0.00,0,'null'),(8173,47,0.00,'2023-02-11','18:30','Jose','Hernandez',0.00,102.00,'1',1,0,'2023-02-11','10:36:00','2023-02-09','21:28:34',2,1,NULL,0.00,0.00,0,'null'),(8174,116,0.00,'2023-02-10','18:30','David','Pablo',0.00,138.00,'1',1,0,'2023-02-10','07:45:36','2023-02-09','21:29:49',2,1,NULL,0.00,0.00,0,'null'),(8175,30,0.00,'2023-02-10','18:30','Noe','SA',0.00,60.00,'1',1,0,'2023-02-11','10:17:00','2023-02-09','21:34:07',2,1,NULL,0.00,0.00,0,'null'),(8176,117,0.00,'2023-02-11','18:30','Cristian','Larios',0.00,81.00,'1',1,0,'2023-02-11','10:16:30','2023-02-09','21:34:55',2,1,NULL,0.00,0.00,0,'null'),(8177,99,0.00,'2023-02-11','18:30','Fernando','Gonzales',0.00,128.00,'1',1,0,'2023-02-11','10:16:14','2023-02-09','21:35:34',2,3,NULL,0.00,0.00,0,'null'),(8178,118,0.00,'2023-02-11','18:30','Oscar','Fernandez',0.00,195.00,'1',1,0,'2023-02-11','10:17:21','2023-02-09','21:36:20',2,3,NULL,0.00,0.00,0,'null'),(8179,119,75.00,'2023-02-11','18:30','Melvin','Gonzales',0.00,75.00,'1',1,0,'2023-02-14','20:34:30','2023-02-09','21:37:01',3,3,NULL,0.00,0.00,1,'null'),(8180,120,0.00,'2023-02-11','18:30','Jose','Santiago',0.00,99.00,'1',1,0,'2023-02-13','20:52:03','2023-02-09','21:37:36',2,3,NULL,0.00,0.00,1,'null'),(8181,75,0.00,'2023-02-11','18:30','Cesar','Tijerina',270.00,270.00,'0',0,0,'0001-01-01','00:01:00','2023-02-09','21:38:01',NULL,3,NULL,0.00,0.00,1,'null'),(8182,121,0.00,'2023-02-11','18:30','Josefina','Hernandez',120.00,120.00,'0',0,0,'0001-01-01','00:01:00','2023-02-09','21:38:50',NULL,3,NULL,0.00,0.00,1,'null'),(8183,122,0.00,'2023-02-11','18:30','Carlos','Barajas',0.00,45.00,'1',1,0,'2023-02-13','20:47:05','2023-02-09','21:39:39',2,3,NULL,0.00,0.00,1,'null'),(8184,71,100.00,'2023-02-11','18:30','Lourdes','SA',0.00,100.00,'1',1,0,'2023-02-17','19:28:27','2023-02-09','21:40:09',3,3,NULL,0.00,0.00,1,'null'),(8185,123,0.00,'2023-02-11','18:30','Jaziel','Martinez',0.00,90.00,'1',1,0,'2023-02-11','10:14:17','2023-02-09','21:40:43',2,2,NULL,0.00,0.00,1,'null'),(8186,124,0.00,'2023-02-11','18:30','Alexia','Mendez',0.50,184.50,'1',0,0,'2023-02-15','06:34:20','2023-02-09','21:41:35',3,2,NULL,0.00,0.00,1,'null'),(8187,11,0.00,'2023-02-11','18:30','Felipe','Moto',0.00,54.00,'1',1,0,'2023-02-16','18:56:18','2023-02-09','21:42:06',2,2,NULL,0.00,0.00,1,'null'),(8188,125,50.00,'2023-02-11','18:30','Keyla','SA',0.00,102.00,'1',1,0,'2023-02-15','06:33:17','2023-02-10','06:43:32',3,3,NULL,0.00,0.00,1,'null'),(8189,126,0.00,'2023-02-11','18:30','Viridiana','Cuevas',0.00,330.00,'1',1,0,'2023-02-15','18:33:49','2023-02-10','06:44:25',3,3,NULL,0.00,0.00,1,'null'),(8190,127,0.00,'2023-02-11','18:30','Jose','Ramon',0.00,51.00,'1',1,0,'2023-02-13','20:50:14','2023-02-10','06:45:46',2,3,NULL,0.00,0.00,1,'null'),(8191,128,0.00,'2023-02-11','18:30','Maria','Del Carmen',60.00,60.00,'0',0,0,'0001-01-01','00:01:00','2023-02-10','06:46:35',NULL,3,NULL,0.00,0.00,1,'null'),(8192,60,0.00,'2023-02-11','18:30','Roberto','Hernandez',0.50,52.50,'1',0,0,'2023-02-13','20:49:29','2023-02-10','06:47:18',3,3,NULL,0.00,0.00,1,'null'),(8193,129,0.00,'2023-02-11','18:30','Bernardo','SA',0.00,68.00,'1',1,0,'2023-02-11','10:35:28','2023-02-10','06:48:09',2,3,NULL,0.00,0.00,1,'null'),(8194,39,0.00,'2023-02-11','18:30','Jonathan','Carrera',0.00,211.50,'1',1,0,'2023-02-11','10:15:58','2023-02-10','06:48:45',2,3,NULL,0.00,0.00,1,'null'),(8195,130,75.00,'2023-02-11','18:30','Ruth','Jimenez',0.00,75.00,'1',1,0,'2023-02-11','10:35:43','2023-02-10','06:49:51',2,2,NULL,0.00,0.00,1,'null'),(8196,40,0.00,'2023-02-11','18:30','Esteban','Lopez',0.00,60.00,'1',1,0,'2023-02-14','20:35:54','2023-02-10','06:50:15',2,2,NULL,0.00,0.00,1,'null'),(8197,131,0.00,'2023-02-11','18:30','Andrea','Fuentes',0.50,119.50,'1',0,0,'2023-02-13','20:49:08','2023-02-10','06:51:38',3,3,NULL,0.00,0.00,1,'null'),(8198,132,0.00,'2023-02-11','18:30','Aimar','Pascual',0.00,50.00,'1',1,0,'2023-02-11','10:17:32','2023-02-10','06:52:21',2,2,NULL,0.00,0.00,1,'null'),(8199,52,0.00,'2023-02-11','18:30','Alexis','Lopez',0.00,75.00,'1',1,0,'2023-02-13','20:51:16','2023-02-10','06:53:13',2,2,NULL,0.00,0.00,1,'null'),(8200,133,0.00,'2023-02-13','18:30','Beatriz','Mendoza',0.00,128.00,'1',1,0,'2023-02-11','10:15:31','2023-02-11','08:12:49',2,3,NULL,0.00,0.00,0,'null'),(8201,65,0.00,'2023-02-13','18:30','Elena','Martinez',0.00,45.00,'1',1,0,'2023-02-11','10:15:16','2023-02-11','08:13:17',2,3,NULL,0.00,0.00,0,'null'),(8202,56,69.00,'2023-02-13','18:30','Jonathan','Diaz',0.00,69.00,'1',1,0,'2023-02-11','10:17:47','2023-02-11','08:13:42',2,2,NULL,0.00,0.00,1,'null'),(8203,134,0.00,'2023-02-13','18:30','Jaime','Garcia',0.00,64.50,'1',1,0,'2023-02-11','10:18:11','2023-02-11','08:14:51',2,2,NULL,0.00,0.00,1,'null'),(8204,63,0.00,'2023-02-13','18:30','Marcos','Jarquin',0.00,45.00,'1',1,0,'2023-02-25','20:31:11','2023-02-11','08:15:25',3,2,NULL,0.00,0.00,1,'null'),(8205,36,0.00,'2023-02-13','18:30','Julieta','SA',0.50,207.50,'1',0,0,'2023-02-14','20:35:13','2023-02-11','08:17:06',2,2,NULL,0.00,0.00,1,'null'),(8206,90,0.00,'2023-02-13','18:30','Liliana','Alto',0.00,203.00,'1',1,0,'2023-02-18','20:43:02','2023-02-11','08:17:37',3,2,NULL,0.00,0.00,1,'null'),(8207,135,0.00,'2023-02-13','18:30','Valentina','Gallardo',0.50,125.50,'1',0,0,'2023-02-18','20:43:20','2023-02-11','08:18:54',3,2,NULL,0.00,0.00,1,'null'),(8208,136,0.00,'2023-02-13','18:30','Gerardo','Noe',0.00,45.00,'1',1,0,'2023-02-16','18:55:03','2023-02-11','08:19:39',3,2,NULL,0.00,0.00,1,'null'),(8209,69,0.00,'2023-02-13','18:30','Miguel','Plaza',0.00,60.00,'1',1,0,'2023-02-13','20:49:46','2023-02-11','08:20:08',3,2,NULL,0.00,0.00,1,'null'),(8210,137,0.00,'2023-02-13','18:30','Enrique','Velazco',0.00,50.00,'1',1,0,'2023-02-27','20:56:40','2023-02-11','08:21:00',2,2,NULL,0.00,0.00,1,'null'),(8211,105,0.00,'2023-02-14','18:30','Taller','Alado',0.50,70.50,'1',0,0,'2023-02-14','20:35:32','2023-02-13','20:34:29',2,3,NULL,0.00,0.00,0,'null'),(8212,48,0.00,'2023-02-13','18:30','Leonardo','Diaz',0.00,223.00,'1',1,0,'2023-02-13','20:47:54','2023-02-13','20:34:59',2,3,NULL,0.00,0.00,0,'null'),(8213,57,0.00,'2023-02-14','18:30','Candy','Martinez',0.00,144.00,'1',1,0,'2023-02-16','18:56:33','2023-02-13','20:35:28',2,3,NULL,0.00,0.00,0,'null'),(8214,138,78.00,'2023-02-14','18:30','Herminio','Vazquez',0.00,78.00,'1',1,0,'2023-02-15','06:35:19','2023-02-13','20:36:23',2,3,NULL,0.00,0.00,1,'null'),(8215,139,0.00,'2023-02-14','18:30','Julio','Martinez',0.00,84.00,'1',1,0,'2023-02-13','20:47:26','2023-02-13','20:37:18',2,3,NULL,0.00,0.00,1,'null'),(8216,8,0.00,'2023-02-14','18:30','Axel','Ruiz',0.50,73.50,'1',0,0,'2023-02-13','20:51:46','2023-02-13','20:38:03',2,3,NULL,0.00,0.00,1,'null'),(8217,108,120.00,'2023-02-14','18:30','Noemi','Hernandez',0.00,120.00,'1',1,0,'2023-02-15','06:35:35','2023-02-13','20:38:37',2,3,NULL,0.00,0.00,1,'null'),(8218,89,0.00,'2023-02-14','18:30','Edgar','Anano',0.00,339.00,'1',1,0,'2023-02-14','20:36:34','2023-02-13','20:39:11',2,2,NULL,0.00,0.00,1,'null'),(8219,100,0.00,'2023-02-14','18:30','Manuel','Gomez',0.00,186.00,'1',1,0,'2023-02-20','21:04:57','2023-02-13','20:39:46',3,2,NULL,0.00,0.00,1,'null'),(8220,59,0.00,'2023-02-14','18:30','Carlos','Joel',0.00,51.00,'1',1,0,'2023-02-14','20:36:51','2023-02-13','20:40:14',2,2,NULL,0.00,0.00,1,'null'),(8221,140,167.00,'2023-02-14','18:30','Nahum','Villavicencio',0.00,167.00,'1',1,0,'2023-02-15','18:34:09','2023-02-13','20:42:06',3,2,NULL,0.00,0.00,1,'null'),(8222,141,0.00,'2023-02-14','18:30','Jose','Salvador',0.00,148.50,'1',1,0,'2023-02-16','18:54:09','2023-02-13','20:43:11',3,2,NULL,0.00,0.00,1,'null'),(8223,142,107.00,'2023-02-14','18:30','Jesus','Velazquez',0.00,107.00,'1',1,0,'2023-02-15','06:33:28','2023-02-13','20:44:21',3,2,NULL,0.00,0.00,1,'null'),(8224,143,0.00,'2023-02-14','18:30','Daniel','Galeana',0.00,60.00,'1',1,0,'2023-02-14','20:36:06','2023-02-13','20:44:54',2,2,NULL,0.00,0.00,1,'null'),(8225,144,0.00,'2023-02-14','18:30','Francisco','Heras',0.00,170.00,'1',1,0,'2023-02-21','21:38:14','2023-02-13','20:45:35',2,2,NULL,0.00,0.00,1,'null'),(8226,145,0.00,'2023-02-14','18:30','Marcos','Velazquez',0.50,109.50,'1',0,0,'2023-02-15','06:33:02','2023-02-13','20:46:31',3,2,NULL,0.00,0.00,1,'null'),(8227,30,0.00,'2023-02-14','18:30','Noe','SA',0.50,52.50,'1',0,0,'2023-02-18','20:42:02','2023-02-14','20:25:36',3,3,NULL,0.00,0.00,0,'null'),(8228,146,0.00,'2023-02-15','18:30','Romel','Medina',0.00,45.00,'1',1,0,'2023-02-15','06:34:00','2023-02-14','20:26:28',3,3,NULL,0.00,0.00,0,'null'),(8229,77,0.00,'2023-02-15','18:30','Alejandro','Hernandez',0.00,75.00,'1',1,0,'2023-02-17','19:29:39','2023-02-14','20:26:50',2,3,NULL,0.00,0.00,0,'null'),(8230,61,0.00,'2023-02-15','18:30','Rosa','Ramona',0.00,132.00,'1',1,0,'2023-02-17','19:27:36','2023-02-14','20:29:43',3,3,NULL,0.00,0.00,0,'null'),(8231,147,0.00,'2023-02-15','18:30','Joel','Juan',0.00,153.00,'1',1,0,'2023-02-14','20:36:20','2023-02-14','20:30:40',2,3,NULL,0.00,0.00,0,'null'),(8232,98,0.00,'2023-02-15','18:30','Ricardo','Sibaja',0.00,191.00,'1',1,0,'2023-02-16','18:54:29','2023-02-14','20:31:25',3,3,NULL,0.00,0.00,0,'null'),(8233,148,0.00,'2023-02-15','18:30','Leonardo','Lopez',0.50,85.50,'1',0,0,'2023-02-16','18:55:53','2023-02-14','20:32:11',2,3,NULL,0.00,0.00,0,'null'),(8234,40,0.00,'2023-02-15','18:30','Esteban','Lopez',0.00,50.00,'1',1,0,'2023-02-18','20:40:26','2023-02-14','20:32:42',3,2,NULL,0.00,0.00,0,'null'),(8235,118,0.00,'2023-02-15','18:30','Oscar','Fernandez',0.00,229.50,'1',1,0,'2023-02-15','06:34:52','2023-02-14','20:33:27',2,2,NULL,0.00,0.00,0,'null'),(8236,149,0.00,'2023-02-15','18:30','Vicente','Santos',0.00,60.00,'1',1,0,'2023-02-16','18:53:53','2023-02-14','20:34:02',3,2,NULL,0.00,0.00,0,'null'),(8237,150,0.00,'2023-02-17','18:30','Gabriel','Tolentino',0.00,117.00,'1',1,0,'2023-02-15','06:35:49','2023-02-15','06:08:58',2,3,NULL,0.00,0.00,0,'null'),(8238,13,0.00,'2023-02-16','18:30','Cesar','Mendoza',0.50,58.50,'1',0,0,'2023-02-18','20:39:48','2023-02-15','06:09:36',3,3,NULL,0.00,0.00,0,'null'),(8239,151,0.00,'2023-02-16','18:30','Hector','Franco',0.00,153.00,'1',1,0,'2023-02-17','19:29:09','2023-02-15','06:10:15',2,3,NULL,0.00,0.00,0,'null'),(8240,152,0.00,'2023-02-16','18:30','Misael','SA',0.00,63.00,'1',1,0,'2023-02-16','18:53:42','2023-02-15','06:10:58',3,3,NULL,0.00,0.00,0,'null'),(8241,153,0.00,'2023-02-16','18:30','Gelasio','SA',0.50,142.50,'1',0,0,'2023-02-16','18:54:47','2023-02-15','06:11:44',3,3,NULL,0.00,0.00,0,'null'),(8242,154,0.00,'2023-02-16','18:30','Andres','SA',0.50,142.50,'1',0,0,'2023-02-16','18:57:50','2023-02-15','06:12:18',2,3,NULL,0.00,0.00,0,'null'),(8243,16,142.00,'2023-02-16','18:30','Edwin ','Alvarez',0.50,142.50,'1',0,0,'2023-02-17','19:31:02','2023-02-15','06:12:49',2,3,NULL,0.00,0.00,1,'null'),(8244,155,0.00,'2023-02-17','18:30','Kevin','Yael',0.00,200.00,'1',1,0,'2023-02-16','18:58:31','2023-02-15','06:13:26',2,2,NULL,0.00,0.00,1,'null'),(8245,50,178.00,'2023-02-16','18:30','Nereida','Solano',0.00,192.00,'1',1,0,'2023-02-27','20:56:53','2023-02-15','06:13:58',2,2,NULL,0.00,0.00,1,'null'),(8246,99,0.00,'2023-02-16','18:30','Fernando','Gonzales',0.00,60.00,'1',1,0,'2023-02-16','18:58:08','2023-02-15','06:14:23',2,2,NULL,0.00,0.00,1,'null'),(8247,14,0.00,'2023-02-16','18:30','Aurora','Pinacho',0.00,168.00,'1',1,0,'2023-02-17','19:31:44','2023-02-15','06:14:52',2,2,NULL,0.00,0.00,1,'null'),(8248,29,0.00,'2023-02-16','18:30','David','Hernandez',0.00,40.00,'1',1,0,'2023-02-16','18:56:49','2023-02-15','06:15:11',2,2,NULL,0.00,0.00,1,'null'),(8249,126,0.00,'2023-02-19','18:30','Viridiana','Cuevas',43.00,243.00,'1',0,0,'2023-02-17','19:27:19','2023-02-15','18:33:11',3,3,NULL,0.00,0.00,0,'null'),(8250,2,0.00,'2023-02-19','18:30','Ana','Ponce',0.00,75.00,'1',1,0,'2023-02-18','20:41:38','2023-02-16','18:42:58',3,3,NULL,0.00,0.00,0,'null'),(8251,3,0.00,'2023-02-19','18:30','Guadalupe','Ponce',0.50,55.50,'1',0,0,'2023-02-18','20:41:49','2023-02-16','18:43:41',3,3,NULL,0.00,0.00,0,'null'),(8252,49,0.00,'2023-02-19','18:30','Camilo','Reyes',1.00,246.00,'1',0,0,'2023-02-18','20:38:56','2023-02-16','18:44:09',3,3,NULL,0.00,0.00,0,'null'),(8253,96,0.00,'2023-02-19','18:30','Emilio','Julian',0.50,76.50,'1',0,0,'2023-02-20','21:04:08','2023-02-16','18:44:41',3,3,NULL,0.00,0.00,0,'null'),(8254,95,0.00,'2023-02-19','18:30','Alfredo','SA',0.00,81.00,'1',1,0,'2023-02-17','19:27:53','2023-02-16','18:45:14',3,3,NULL,0.00,0.00,0,'null'),(8255,131,0.00,'2023-02-19','18:30','Andrea','Fuentes',0.50,55.50,'1',0,0,'2023-02-20','21:03:34','2023-02-16','18:45:38',3,3,NULL,0.00,0.00,0,'null'),(8256,156,0.00,'2023-02-19','18:30','Carlos','Miguel',0.50,187.50,'1',0,0,'2023-02-21','21:35:53','2023-02-16','18:46:45',3,3,NULL,0.00,0.00,0,'null'),(8257,40,0.00,'2023-02-19','18:30','Esteban','Lopez',0.00,108.00,'1',1,0,'2023-02-18','20:40:39','2023-02-16','18:47:15',3,3,NULL,0.00,0.00,0,'null'),(8258,51,0.00,'2023-02-19','18:30','Isai','Martinez',0.00,57.00,'1',1,0,'2023-02-18','20:40:10','2023-02-16','18:47:55',3,3,NULL,0.00,0.00,0,'null'),(8259,157,50.00,'2023-02-19','18:30','Jazmin','SA',0.00,160.00,'1',1,0,'2023-02-17','19:28:07','2023-02-16','18:49:16',3,3,NULL,0.00,0.00,1,'null'),(8260,158,0.00,'2023-02-19','18:30','Mario','Tenorio',0.00,50.00,'1',1,0,'2023-02-17','19:32:21','2023-02-16','18:50:01',2,3,NULL,0.00,0.00,1,'null'),(8261,86,0.00,'2023-02-19','18:30','Cristina','SA',0.00,78.00,'1',1,0,'2023-02-24','22:21:58','2023-02-16','18:50:38',2,3,NULL,0.00,0.00,1,'null'),(8262,22,0.00,'2023-02-19','18:30','Uriel','Gomez',0.50,64.50,'1',0,0,'2023-02-18','20:39:08','2023-02-16','18:51:10',3,2,NULL,0.00,0.00,1,'null'),(8263,36,0.00,'2023-02-19','18:30','Julieta','SA',0.00,148.00,'1',1,0,'2023-02-18','20:41:07','2023-02-16','18:51:49',3,2,NULL,0.00,0.00,1,'null'),(8264,68,0.00,'2023-02-19','18:30','Jesus','Silva',0.00,125.00,'1',1,0,'2023-02-17','19:32:35','2023-02-16','18:53:04',2,2,NULL,0.00,0.00,1,'null'),(8265,159,0.00,'2023-02-19','18:30','Ana','Mendez',45.00,45.00,'0',0,0,'0001-01-01','00:01:00','2023-02-17','19:01:11',NULL,3,NULL,0.00,0.00,0,'null'),(8266,56,0.00,'2023-02-19','18:30','Jonathan','Diaz',0.00,68.00,'1',1,0,'2023-02-17','19:30:21','2023-02-17','19:01:57',2,1,NULL,0.00,0.00,0,'null'),(8267,160,0.00,'2023-02-19','18:30','Josue','Hernandez',0.00,69.00,'1',1,0,'2023-02-17','19:30:34','2023-02-17','19:03:39',2,3,NULL,0.00,0.00,0,'null'),(8268,126,0.00,'2023-02-19','18:30','Viridiana','Cuevas',0.50,283.50,'1',0,0,'2023-02-18','20:41:20','2023-02-17','19:02:38',3,3,NULL,0.00,0.00,0,'null'),(8269,47,0.00,'2023-02-19','18:30','Jose','Hernandez',0.00,80.00,'1',1,0,'2023-02-18','20:39:19','2023-02-17','19:05:49',3,3,NULL,0.00,0.00,0,'null'),(8270,60,0.00,'2023-02-19','18:30','Roberto','Hernandez',0.00,100.00,'1',1,0,'2023-02-18','20:39:35','2023-02-17','19:06:31',3,1,NULL,0.00,0.00,0,'null'),(8271,161,0.00,'2023-02-19','18:30','David','Garcia',0.50,64.50,'1',0,0,'2023-02-18','20:40:52','2023-02-17','19:07:19',3,3,NULL,0.00,0.00,0,'null'),(8272,24,0.00,'2023-02-19','18:30','Sofia','Vazco',0.00,81.00,'1',1,0,'2023-02-20','21:05:08','2023-02-17','19:07:45',3,3,NULL,0.00,0.00,0,'null'),(8273,162,0.00,'2023-02-19','18:30','Rodrigo','Crespo',0.00,45.00,'1',1,0,'2023-02-17','19:31:55','2023-02-17','19:08:29',2,3,NULL,0.00,0.00,0,'null'),(8274,76,0.00,'2023-02-19','18:30','Magali','Rueda',0.00,120.00,'1',1,0,'2023-02-25','20:32:03','2023-02-17','19:09:11',3,2,NULL,0.00,0.00,0,'null'),(8275,163,52.00,'2023-02-20','18:30','Enrique','Cruz',0.50,52.50,'1',0,0,'2023-02-20','21:03:52','2023-02-17','19:11:51',3,3,NULL,0.00,0.00,1,'null'),(8276,164,106.00,'2023-02-19','18:30','Erick','SA',0.50,106.50,'1',0,0,'2023-02-20','21:04:23','2023-02-17','19:12:54',3,3,NULL,0.00,0.00,1,'null'),(8277,165,112.00,'2023-02-19','18:30','Renata','Ariza',0.50,112.50,'1',0,0,'2023-02-18','20:42:17','2023-02-17','19:13:38',3,3,NULL,0.00,0.00,1,'null'),(8278,105,0.00,'2023-02-19','18:30','Taller','Alado',0.50,82.50,'1',0,0,'2023-02-18','20:43:34','2023-02-17','19:14:05',3,2,NULL,0.00,0.00,1,'null'),(8279,83,0.00,'2023-02-19','18:30','Cinthia','Santos',0.50,187.50,'1',0,0,'2023-03-04','22:52:21','2023-02-17','19:14:43',2,2,NULL,0.00,0.00,1,'null'),(8280,166,0.00,'2023-02-19','18:30','Nayeli','Guzman',0.00,92.00,'1',1,0,'2023-02-20','21:07:55','2023-02-17','19:15:38',2,2,NULL,0.00,0.00,1,'null'),(8281,69,60.00,'2023-02-19','18:30','Miguel','Plaza',0.00,60.00,'1',1,0,'2023-02-20','21:06:53','2023-02-17','19:16:11',2,2,NULL,0.00,0.00,1,'null'),(8282,167,0.00,'2023-02-19','18:30','Adrian','Martinez',0.00,90.00,'1',1,0,'2023-02-20','21:05:23','2023-02-17','19:16:52',3,2,NULL,0.00,0.00,1,'null'),(8283,54,0.00,'2023-02-19','18:30','Danilo','Ramirez',0.00,75.00,'1',1,0,'2023-02-20','21:04:41','2023-02-17','19:19:32',3,2,NULL,0.00,0.00,1,'null'),(8284,168,0.00,'2023-02-19','18:30','Daniel','Romero',0.00,188.00,'1',1,0,'2023-02-18','20:42:47','2023-02-17','19:17:32',3,2,NULL,0.00,0.00,1,'null'),(8285,169,0.00,'2023-02-19','18:30','Carolina','Juarez',0.00,115.00,'1',1,0,'2023-02-22','21:57:11','2023-02-17','19:23:28',2,2,NULL,0.00,0.00,1,'null'),(8286,11,0.00,'2023-02-19','18:30','Felipe','Moto',0.50,64.00,'1',0,0,'2023-02-22','21:58:40','2023-02-17','19:25:14',2,2,NULL,0.00,0.00,0,'null'),(8287,170,0.00,'2023-02-26','18:30','Oscar','Gomez',0.00,183.00,'1',1,0,'2023-02-21','21:37:08','2023-02-18','20:25:17',2,3,NULL,0.00,0.00,0,'null'),(8288,171,0.00,'2023-02-26','18:30','Cristina','Manzano',0.00,90.00,'1',1,0,'2023-02-20','21:06:00','2023-02-18','20:26:01',3,3,NULL,0.00,0.00,0,'null'),(8289,172,0.00,'2023-02-26','18:30','Lucina','Cruz',0.00,133.00,'1',1,0,'2023-02-22','21:58:20','2023-02-18','20:26:58',2,3,NULL,0.00,0.00,0,'null'),(8290,66,0.00,'2023-02-26','18:30','Mario','Cabrera',0.00,45.00,'1',1,0,'2023-02-20','21:06:35','2023-02-18','20:27:25',3,1,NULL,0.00,0.00,0,'null'),(8291,120,0.00,'2023-02-26','18:30','Jose','Santiago',0.00,203.00,'1',1,0,'2023-02-20','21:07:19','2023-02-18','20:27:54',2,3,NULL,0.00,0.00,0,'null'),(8292,65,0.00,'2023-02-26','18:30','Elena','Martinez',0.00,45.00,'1',1,0,'2023-02-20','21:05:34','2023-02-18','20:28:14',3,3,NULL,0.00,0.00,0,'null'),(8293,4,0.00,'2023-02-26','18:30','Maricarmen','Hipolito',0.00,147.00,'1',1,0,'2023-02-22','21:54:12','2023-02-18','20:28:42',3,3,NULL,0.00,0.00,0,'null'),(8294,173,0.00,'2023-02-26','18:30','Adan','Alfonso',0.00,220.00,'1',1,0,'2023-02-21','21:36:56','2023-02-18','20:29:51',2,2,NULL,0.00,0.00,0,'null'),(8295,36,0.00,'2023-02-26','18:30','Julieta','SA',0.00,128.00,'1',1,0,'2023-02-21','21:36:42','2023-02-18','20:30:26',2,3,NULL,0.00,0.00,0,'null'),(8296,174,0.00,'2023-02-26','18:30','Rodrigo','Molina',0.00,168.00,'1',1,0,'2023-02-25','20:30:56','2023-02-18','20:31:12',3,2,NULL,0.00,0.00,0,'null'),(8297,175,0.00,'2023-02-26','18:30','Diana','Isabel',0.00,186.00,'1',1,0,'2023-02-23','22:09:02','2023-02-18','20:33:02',2,2,NULL,0.00,0.00,0,'null'),(8298,130,0.00,'2023-02-26','18:30','Ruth','Jimenez',0.00,60.00,'1',1,0,'2023-02-20','21:06:15','2023-02-18','20:33:45',3,2,NULL,0.00,0.00,0,'null'),(8299,176,0.00,'2023-02-26','18:30','Michelle','Escalona',0.00,45.00,'1',1,0,'2023-02-20','21:07:36','2023-02-18','20:35:31',2,2,NULL,0.00,0.00,0,'null'),(8300,177,0.00,'2023-02-26','18:30','Adbiel','Chavez',0.00,95.00,'1',1,0,'2023-02-25','20:30:12','2023-02-18','20:36:34',3,2,NULL,0.00,0.00,0,'null'),(8301,178,0.00,'2023-02-26','18:30','Monserrat','Aparicio',0.00,63.00,'1',1,0,'2023-02-22','21:59:13','2023-02-18','20:37:14',2,2,NULL,0.00,0.00,0,'null'),(8302,90,0.00,'2023-02-26','18:30','Liliana','Alto',0.00,114.00,'1',1,0,'2023-02-25','20:36:32','2023-02-18','20:37:36',3,2,NULL,0.00,0.00,0,'null'),(8303,112,0.00,'2023-02-26','18:30','Cesar','Martinez',0.00,48.00,'1',1,0,'2023-03-02','22:07:56','2023-02-18','20:37:58',3,2,NULL,0.00,0.00,0,'null'),(8304,111,0.00,'2023-02-26','18:30','Elizabeth','Vera',0.00,45.00,'1',1,0,'2023-03-02','22:07:42','2023-02-18','20:38:15',3,2,NULL,0.00,0.00,0,'null'),(8305,21,0.00,'2023-02-26','18:30','Samuel','Flores',0.00,59.00,'1',1,0,'2023-02-22','21:54:59','2023-02-20','20:49:37',3,1,NULL,0.00,0.00,0,'null'),(8306,13,0.00,'2023-02-26','18:30','Cesar','Mendoza',0.00,87.00,'1',1,0,'2023-02-23','22:07:57','2023-02-20','20:50:05',3,3,NULL,0.00,0.00,0,'null'),(8307,48,0.00,'2023-02-26','18:30','Leonardo','Diaz',0.00,299.00,'1',1,0,'2023-02-21','20:51:17','2023-02-20','20:50:28',1,3,NULL,0.00,0.00,0,'null'),(8308,30,20.00,'2023-02-26','18:30','Noe','SA',0.00,64.00,'1',1,0,'2023-02-25','20:35:41','2023-02-20','20:50:59',3,3,NULL,0.00,0.00,1,'null'),(8309,91,0.00,'2023-02-26','18:30','Erick','Ayuzo',0.00,130.00,'1',1,0,'2023-02-21','21:37:24','2023-02-20','20:51:54',2,3,NULL,0.00,0.00,1,'null'),(8310,179,0.00,'2023-02-26','18:30','Ury','Rojas',0.00,51.00,'1',1,0,'2023-02-21','21:37:51','2023-02-20','20:52:31',2,3,NULL,0.00,0.00,1,'null'),(8311,180,0.00,'2023-02-26','18:30','Crisforo','SA',0.00,80.00,'1',1,0,'2023-02-22','21:54:24','2023-02-20','20:53:19',3,3,NULL,0.00,0.00,1,'null'),(8312,181,0.00,'2023-02-26','18:30','Karina ','Sa',0.00,60.00,'1',1,0,'2023-02-22','21:59:26','2023-02-20','20:53:56',2,3,NULL,0.00,0.00,1,'null'),(8313,126,0.00,'2023-02-26','18:30','Viridiana','Cuevas',0.00,184.00,'1',1,0,'2023-02-22','21:54:36','2023-02-20','20:54:21',3,3,NULL,0.00,0.00,1,'null'),(8314,31,0.00,'2023-02-26','18:30','Marcos','Martinez',0.00,399.00,'1',1,0,'2023-02-22','21:55:28','2023-02-20','20:54:50',2,3,NULL,0.00,0.00,1,'null'),(8315,182,0.00,'2023-02-26','18:30','Yaretzi','Hernandez',0.00,66.00,'1',1,0,'2023-02-22','21:54:49','2023-02-20','20:55:28',3,3,NULL,0.00,0.00,1,'null'),(8316,95,0.00,'2023-02-26','18:30','Alfredo','SA',0.00,54.00,'1',1,0,'2023-02-21','21:38:26','2023-02-20','20:56:11',2,3,NULL,0.00,0.00,1,'null'),(8317,183,0.00,'2023-02-26','18:30','Gamaliel','SA',0.00,136.00,'1',1,0,'2023-02-21','21:38:03','2023-02-20','20:57:15',2,3,NULL,0.00,0.00,1,'null'),(8318,19,0.00,'2023-02-26','18:30','Micaela','Molina',0.00,287.00,'1',1,0,'2023-02-22','21:55:13','2023-02-20','20:57:44',3,3,NULL,0.00,0.00,1,'null'),(8319,184,0.00,'2023-02-26','18:30','Judith','Jimenez',240.00,240.00,'0',0,0,'0001-01-01','00:01:00','2023-02-20','20:58:26',NULL,3,NULL,0.00,0.00,1,'null'),(8320,185,0.00,'2023-02-26','18:30','Eduardo','Rodriguez',0.00,51.00,'1',1,0,'2023-03-03','22:30:55','2023-02-20','20:59:11',3,2,NULL,0.00,0.00,1,'null'),(8321,186,0.00,'2023-02-26','18:30','Jaime','Renteria',0.00,63.00,'1',1,0,'2023-02-23','22:08:50','2023-02-20','20:59:45',2,2,NULL,0.00,0.00,1,'null'),(8322,187,0.00,'2023-02-26','18:30','Azucena','Perez',0.00,141.00,'1',1,0,'2023-02-22','21:57:35','2023-02-20','21:00:35',2,2,NULL,0.00,0.00,1,'null'),(8323,26,0.00,'2023-02-26','18:30','Urbano','Domicilio',0.00,118.00,'1',1,0,'2023-03-01','21:44:09','2023-02-20','21:00:57',2,2,NULL,0.00,0.00,1,'null'),(8324,47,0.00,'2023-02-26','18:30','Jose','Hernandez',0.00,205.00,'1',1,0,'2023-02-24','22:19:50','2023-02-20','21:01:23',3,2,NULL,0.00,0.00,1,'null'),(8325,188,0.00,'2023-02-26','18:30','Leonardo','Lara',0.00,66.00,'1',1,0,'2023-02-24','22:20:15','2023-02-20','21:01:56',2,2,NULL,0.00,0.00,1,'null'),(8326,40,108.00,'2023-02-26','18:30','Esteban','Lopez',0.00,108.00,'1',1,0,'2023-02-23','22:08:34','2023-02-20','21:02:42',3,2,NULL,0.00,0.00,1,'null'),(8327,98,0.00,'2023-02-26','18:30','Ricardo','Sibaja',0.00,204.00,'1',1,0,'2023-02-22','21:57:59','2023-02-21','21:27:18',2,3,NULL,0.00,0.00,0,'null'),(8328,96,0.00,'2023-02-26','18:30','Emilio','Julian',0.00,48.00,'1',1,0,'2023-02-23','22:08:12','2023-02-21','21:27:40',3,3,NULL,0.00,0.00,0,'null'),(8329,189,204.00,'2023-02-26','18:30','Leticia','Vazquez',0.00,204.00,'1',1,0,'2023-02-25','20:32:35','2023-02-21','21:28:45',3,3,NULL,0.00,0.00,1,'null'),(8330,189,120.00,'2023-02-26','18:30','Leticia','Vazquez',0.00,120.00,'1',1,0,'2023-02-25','20:32:51','2023-02-21','21:29:16',3,2,NULL,0.00,0.00,1,'null'),(8331,57,0.00,'2023-02-26','18:30','Candy','Martinez',0.00,186.00,'1',1,0,'2023-02-24','22:20:29','2023-02-21','21:29:36',2,2,NULL,0.00,0.00,1,'null'),(8332,190,0.00,'2023-02-26','18:30','Rosi','Itandewi',0.00,45.00,'1',1,0,'2023-02-23','22:08:23','2023-02-21','21:30:09',3,2,NULL,0.00,0.00,1,'null'),(8333,191,0.00,'2023-02-26','18:30','Bulmaro','De los Santos',0.00,120.00,'1',1,0,'2023-02-25','20:32:21','2023-02-21','21:30:57',3,2,NULL,0.00,0.00,1,'null'),(8334,123,0.00,'2023-02-26','18:30','Jaziel','Martinez',0.00,45.00,'1',1,0,'2023-02-22','21:58:51','2023-02-21','21:31:16',2,2,NULL,0.00,0.00,1,'null'),(8335,192,0.00,'2023-02-26','18:30','Diego','Armando',0.00,119.00,'1',1,0,'2023-02-22','21:59:02','2023-02-21','21:31:44',2,2,NULL,0.00,0.00,1,'null'),(8336,12,0.00,'2023-02-26','18:30','Jorge','Luis',0.00,100.00,'1',1,0,'2023-02-23','22:09:38','2023-02-22','21:47:25',1,3,NULL,0.00,0.00,0,'null'),(8337,180,0.00,'2023-02-26','18:30','Crisforo','SA',0.00,50.00,'1',1,0,'2023-02-23','22:09:51','2023-02-22','21:47:47',1,3,NULL,0.00,0.00,0,'null'),(8338,193,0.00,'2023-02-26','18:30','Esteban','Reyes',0.00,50.00,'1',1,0,'2023-02-22','21:57:47','2023-02-22','21:48:24',2,3,NULL,0.00,0.00,0,'null'),(8339,194,0.00,'2023-02-26','18:30','Agustina','Hernandez',0.00,220.00,'1',1,0,'2023-02-25','20:34:34','2023-02-22','21:48:58',3,3,NULL,0.00,0.00,0,'null'),(8340,195,0.00,'2023-02-26','18:30','Norma','Espinoza',0.00,107.00,'1',1,0,'2023-02-27','20:54:13','2023-02-22','21:49:32',1,3,NULL,0.00,0.00,0,'null'),(8341,61,0.00,'2023-02-26','18:30','Rosa','Ramona',0.00,75.00,'1',1,0,'2023-02-23','22:09:14','2023-02-22','21:50:04',2,3,NULL,0.00,0.00,0,'null'),(8342,117,0.00,'2023-02-26','18:30','Cristian','Larios',0.00,76.00,'1',1,0,'2023-02-24','22:19:03','2023-02-22','21:50:27',3,3,NULL,0.00,0.00,0,'null'),(8343,196,0.00,'2023-02-26','18:30','Llantera','SA',196.00,196.00,'0',0,0,'0001-01-01','00:01:00','2023-02-22','21:51:02',NULL,3,NULL,0.00,0.00,0,'null'),(8344,16,100.00,'2023-02-26','18:30','Edwin ','Alvarez',0.00,140.00,'1',1,0,'2023-02-24','22:19:15','2023-02-22','21:51:22',3,2,NULL,0.00,0.00,1,'null'),(8345,118,0.00,'2023-02-26','18:30','Oscar','Fernandez',0.00,157.00,'1',1,0,'2023-02-25','20:30:24','2023-02-22','21:51:43',3,2,NULL,0.00,0.00,1,'null'),(8346,197,0.00,'2023-02-26','18:30','Karina','Contreras',0.00,463.00,'1',1,0,'2023-02-27','20:53:01','2023-02-22','21:52:17',1,2,NULL,0.00,0.00,1,'null'),(8347,39,0.00,'2023-02-26','18:30','Jonathan','Cabrera',0.00,114.00,'1',1,0,'2023-02-24','22:21:04','2023-02-22','21:52:42',2,2,NULL,0.00,0.00,1,'null'),(8348,68,0.00,'2023-02-26','18:30','Jesus','Silva',0.00,80.00,'1',1,0,'2023-02-25','20:33:53','2023-02-22','21:53:00',3,2,NULL,0.00,0.00,1,'null'),(8349,52,0.00,'2023-02-26','18:30','Alexis','Lopez',0.00,78.00,'1',1,0,'2023-02-27','20:58:10','2023-02-22','21:53:20',2,2,NULL,0.00,0.00,1,'null'),(8350,29,0.00,'2023-02-26','18:30','David','Hernandez',0.00,30.00,'1',1,0,'2023-02-24','22:21:37','2023-02-22','21:53:40',2,2,NULL,0.00,0.00,1,'null'),(8351,25,0.00,'2023-02-26','18:30','Diana','Ramirez',0.00,76.00,'1',1,0,'2023-02-24','22:20:51','2023-02-23','22:01:58',2,1,NULL,0.00,0.00,0,'null'),(8352,13,0.00,'2023-02-26','18:30','Cesar','Mendoza',0.00,58.00,'1',1,0,'2023-02-28','21:11:25','2023-02-23','22:02:18',3,3,NULL,0.00,0.00,0,'null'),(8353,126,0.00,'2023-02-26','18:30','Viridiana','Cuevas',0.00,142.00,'1',1,0,'2023-02-25','20:36:45','2023-02-23','22:02:44',3,3,NULL,0.00,0.00,0,'null'),(8354,149,0.00,'2023-02-26','18:30','Vicente','Santos',1.00,51.00,'1',0,0,'2023-02-24','22:19:36','2023-02-23','22:03:09',3,3,NULL,0.00,0.00,0,'null'),(8355,61,0.00,'2023-02-26','18:30','Rosa','Ramona',0.00,136.00,'1',1,0,'2023-02-23','22:09:25','2023-02-23','22:03:36',2,3,NULL,0.00,0.00,0,'null'),(8356,198,0.00,'2023-02-26','18:30','Eder','Santos',0.00,115.00,'1',1,0,'2023-02-25','20:31:34','2023-02-23','22:04:20',3,3,NULL,0.00,0.00,0,'null'),(8357,199,0.00,'2023-02-26','18:30','Jared','Lauriano',0.00,70.00,'1',1,0,'2023-02-24','22:22:14','2023-02-23','22:04:55',2,3,NULL,0.00,0.00,0,'null'),(8358,169,0.00,'2023-02-26','18:30','Carolina','Juarez',0.00,120.00,'1',1,0,'2023-03-01','21:43:10','2023-02-23','22:05:29',2,3,NULL,0.00,0.00,0,'null'),(8359,200,50.00,'2023-02-26','18:30','Maribel','Gutierrez',50.00,100.00,'0',0,0,'0001-01-01','00:01:00','2023-02-23','22:06:10',NULL,2,NULL,0.00,0.00,1,'null'),(8360,201,0.00,'2023-02-26','18:30','Rocio','Rodriguez',0.00,100.00,'1',1,0,'2023-02-25','20:31:47','2023-02-23','22:06:47',3,2,NULL,0.00,0.00,1,'null'),(8361,202,0.00,'2023-02-26','18:30','Claudia','Garzon',0.00,146.00,'1',1,0,'2023-03-03','22:33:57','2023-02-23','22:07:22',3,2,NULL,0.00,0.00,1,'null'),(8362,12,0.00,'2023-02-26','18:30','Jorge','Luis',0.00,185.00,'1',1,0,'2023-02-25','20:34:18','2023-02-24','22:12:35',3,3,NULL,0.00,0.00,0,'null'),(8363,45,0.00,'2023-02-26','18:30','Juan','Enrique',0.00,57.00,'1',1,0,'2023-02-27','20:54:40','2023-02-24','22:13:10',3,3,NULL,0.00,0.00,0,'null'),(8364,203,0.00,'2023-02-26','18:30','Viridiana','Juarez',100.00,100.00,'0',0,0,'0001-01-01','00:01:00','2023-02-24','22:13:56',NULL,1,NULL,0.00,0.00,0,'null'),(8365,143,0.00,'2023-02-26','18:30','Daniel','Galeana',0.00,70.00,'1',1,0,'2023-03-01','21:44:24','2023-02-24','22:14:16',2,3,NULL,0.00,0.00,0,'null'),(8366,23,216.00,'2023-02-26','18:30','Juan','Barranco',0.00,216.00,'1',1,0,'2023-02-27','20:54:58','2023-02-24','22:14:40',3,3,NULL,0.00,0.00,1,'null'),(8367,204,0.00,'2023-02-26','18:30','Liliana','Vazquez',0.00,80.00,'1',1,0,'2023-02-25','20:33:19','2023-02-24','22:15:23',3,3,NULL,0.00,0.00,1,'null'),(8368,205,0.00,'2023-02-26','18:30','Guillermo','Aragon',0.00,68.00,'1',1,0,'2023-02-24','22:21:23','2023-02-24','22:16:17',2,2,NULL,0.00,0.00,1,'null'),(8369,57,0.00,'2023-02-26','18:30','Candy','Martinez',0.00,91.00,'1',1,0,'2023-03-01','21:39:39','2023-02-24','22:17:48',3,2,NULL,0.00,0.00,1,'null'),(8370,39,0.00,'2023-02-26','18:30','Jonathan','Cabrera',0.00,235.00,'1',1,0,'2023-02-28','21:12:58','2023-02-24','22:18:17',2,2,NULL,0.00,0.00,1,'null'),(8371,60,0.00,'2023-02-26','18:30','Roberto','Hernandez',0.00,61.00,'1',1,0,'2023-02-25','20:36:18','2023-02-24','22:18:40',3,2,NULL,0.00,0.00,1,'null'),(8372,105,0.00,'2023-03-04','18:30','Taller','Alado',0.00,69.00,'1',1,0,'2023-02-27','20:55:50','2023-02-25','20:11:22',2,3,NULL,0.00,0.00,0,'null'),(8373,206,50.00,'2023-03-04','18:30','Abdias','Chavez',25.00,75.00,'0',0,0,'0001-01-01','00:01:00','2023-02-25','20:12:22',NULL,3,NULL,0.00,0.00,1,'null'),(8374,207,0.00,'2023-03-04','18:30','Guadalaja','Calle',9.00,172.00,'1',0,0,'2023-02-25','20:33:38','2023-02-25','20:13:09',3,3,NULL,0.00,0.00,1,'null'),(8375,208,0.00,'2023-03-04','18:30','Luis','Enrique',0.00,45.00,'1',1,0,'2023-02-27','20:55:36','2023-02-25','20:14:02',3,3,NULL,0.00,0.00,1,'null'),(8376,59,0.00,'2023-03-11','18:30','Carlos','Joel',0.00,54.00,'1',1,0,'2023-02-25','20:34:51','2023-02-25','20:14:32',3,3,NULL,0.00,0.00,1,'null'),(8377,209,0.00,'2023-03-04','18:30','Martha','Ramirez',0.00,240.00,'1',1,0,'2023-03-04','22:54:57','2023-02-25','20:15:46',2,3,NULL,0.00,0.00,1,'null'),(8378,210,170.00,'2023-03-04','18:30','Manuel','Galvan',0.00,170.00,'1',1,0,'2023-02-28','21:13:52','2023-02-25','20:17:04',2,3,NULL,0.00,0.00,1,'null'),(8379,65,0.00,'2023-03-04','18:30','Elena','Martinez',0.50,46.50,'1',0,0,'2023-02-27','20:56:24','2023-02-25','20:17:28',2,3,NULL,0.00,0.00,1,'null'),(8380,211,0.00,'2023-03-04','18:30','Damaris','Contreras',75.00,75.00,'0',0,0,'0001-01-01','00:01:00','2023-02-25','20:18:16',NULL,2,NULL,0.00,0.00,1,'null'),(8381,212,124.00,'2023-03-04','18:30','Graciela','Cruz',0.00,124.00,'1',1,0,'2023-02-27','20:57:57','2023-02-25','20:18:59',2,2,NULL,0.00,0.00,1,'null'),(8382,56,0.00,'2023-03-04','18:30','Jonathan','Diaz',0.00,75.00,'1',1,0,'2023-02-25','20:35:56','2023-02-25','20:19:19',3,2,NULL,0.00,0.00,1,'null'),(8383,69,58.00,'2023-03-04','18:30','Miguel','Plaza',0.00,58.00,'1',1,0,'2023-02-27','20:55:18','2023-02-25','20:20:47',3,2,NULL,0.00,0.00,1,'null'),(8384,213,0.00,'2023-03-04','18:30','Irving','Navarro',0.00,50.00,'1',1,0,'2023-02-27','20:58:32','2023-02-25','20:21:30',2,2,NULL,0.00,0.00,1,'null'),(8385,63,0.00,'2023-03-04','18:30','Marcos','Jarquin',60.00,60.00,'0',0,0,'0001-01-01','00:01:00','2023-02-25','20:22:06',NULL,2,NULL,0.00,0.00,1,'null'),(8386,76,0.00,'2023-03-04','18:30','Magali','Rueda',127.00,127.00,'0',0,0,'0001-01-01','00:01:00','2023-02-25','20:22:46',NULL,2,NULL,0.00,0.00,1,'null'),(8387,214,0.00,'2023-03-04','18:30','Leonardo','Carbajal',0.00,143.00,'1',1,0,'2023-03-03','22:30:09','2023-02-25','20:24:20',3,2,NULL,0.00,0.00,1,'null'),(8388,71,100.00,'2023-03-04','18:30','Lourdes','SA',0.00,100.00,'1',1,0,'2023-03-03','22:31:06','2023-02-25','20:24:48',3,2,NULL,0.00,0.00,1,'null'),(8389,136,0.00,'2023-03-04','18:30','Gerardo','Noe',0.00,45.00,'1',1,0,'2023-02-27','20:56:10','2023-02-25','20:25:21',2,2,NULL,0.00,0.00,1,'null'),(8390,215,45.00,'2023-03-04','18:30','Cristal','SA',0.00,45.00,'1',1,0,'2023-02-27','20:58:21','2023-02-25','20:25:59',2,2,NULL,0.00,0.00,1,'null'),(8391,129,0.00,'2023-03-04','18:30','Bernardo','SA',0.00,48.00,'1',1,0,'2023-02-28','21:11:42','2023-02-25','20:26:28',3,2,NULL,0.00,0.00,1,'null'),(8392,216,0.00,'2023-03-04','18:30','Ruth','Mendoza',0.00,60.00,'1',1,0,'2023-02-27','20:57:42','2023-02-25','20:27:11',2,2,NULL,0.00,0.00,1,'null'),(8393,204,0.00,'2023-03-04','18:30','Liliana','Vazquez',0.00,188.00,'1',1,0,'2023-03-04','22:54:41','2023-02-25','20:27:44',2,2,NULL,0.00,0.00,1,'null'),(8394,217,0.00,'2023-03-04','18:30','Juan','Miguel',0.00,163.00,'1',1,0,'2023-03-02','22:08:30','2023-02-25','20:28:29',3,2,NULL,0.00,0.00,1,'null'),(8395,78,0.00,'2023-03-04','18:30','Kevin','Valencia',0.00,317.00,'1',1,0,'2023-03-04','22:52:38','2023-02-25','20:28:52',2,2,NULL,0.00,0.00,1,'null'),(8396,47,0.00,'2023-03-04','18:30','Jose','Hernandez',0.00,148.00,'1',1,0,'2023-03-01','21:40:03','2023-02-25','20:29:20',3,2,NULL,0.00,0.00,1,'null'),(8397,21,0.00,'2023-03-04','18:30','Samuel','Flores',0.00,52.00,'1',1,0,'2023-02-28','21:11:11','2023-02-27','20:41:31',3,3,NULL,0.00,0.00,0,'null'),(8398,78,0.00,'2023-03-04','18:30','Kevin','Valencia',180.00,180.00,'0',0,0,'0001-01-01','00:01:00','2023-02-27','20:42:13',NULL,1,NULL,0.00,0.00,0,'null'),(8399,126,0.00,'2023-03-04','18:30','Viridiana','Cuevas',0.00,247.00,'1',1,0,'2023-03-03','22:29:10','2023-02-27','20:42:42',3,3,NULL,0.00,0.00,0,'null'),(8400,120,0.00,'2023-03-04','18:30','Jose','Santiago',0.00,115.00,'1',1,0,'2023-03-03','22:32:27','2023-02-27','20:43:04',3,3,NULL,0.00,0.00,0,'null'),(8401,152,0.00,'2023-03-04','18:30','Misael','SA',0.00,54.00,'1',1,0,'2023-02-28','21:14:06','2023-02-27','20:43:34',2,3,NULL,0.00,0.00,0,'null'),(8402,68,0.00,'2023-03-04','18:30','Jesus','Silva',0.00,108.00,'1',1,0,'2023-02-28','21:13:30','2023-02-27','20:44:16',2,3,NULL,0.00,0.00,0,'null'),(8403,218,50.00,'2023-03-04','18:30','Sonia','SA',0.00,135.00,'1',1,0,'2023-02-28','21:13:16','2023-02-27','20:45:04',2,3,NULL,0.00,0.00,1,'null'),(8404,53,0.00,'2023-03-04','18:30','Brayan','Aguilar',0.00,45.00,'1',1,0,'2023-02-28','21:12:14','2023-02-27','20:45:34',3,3,NULL,0.00,0.00,1,'null'),(8405,163,56.00,'2023-03-04','18:30','Enrique','Cruz',0.00,56.00,'1',1,0,'2023-02-28','21:11:58','2023-02-27','20:45:59',3,3,NULL,0.00,0.00,1,'null'),(8406,89,0.00,'2023-03-04','18:30','Edgar','Anano',0.00,256.00,'1',1,0,'2023-03-01','21:41:26','2023-02-27','20:46:24',2,2,NULL,0.00,0.00,1,'null'),(8407,219,0.00,'2023-03-04','18:30','Jose','Carballo',0.00,243.00,'1',1,0,'2023-03-02','22:08:16','2023-02-27','20:47:15',3,2,NULL,0.00,0.00,1,'null'),(8408,220,0.00,'2023-03-04','18:30','Andrea','Acevedo',136.00,136.00,'0',0,0,'0001-01-01','00:01:00','2023-02-27','20:48:04',NULL,2,NULL,0.00,0.00,1,'null'),(8409,221,0.00,'2023-03-04','18:30','Francisco','Martinez',0.00,75.00,'1',1,0,'2023-03-01','21:42:03','2023-02-27','20:48:53',2,2,NULL,0.00,0.00,1,'null'),(8410,189,50.00,'2023-03-04','18:30','Leticia','Vazquez',0.00,50.00,'1',1,0,'2023-03-01','21:40:20','2023-02-27','20:49:25',3,2,NULL,0.00,0.00,1,'null'),(8411,36,0.00,'2023-03-04','18:30','Julieta','SA',0.50,151.50,'1',0,0,'2023-03-01','21:42:37','2023-02-27','20:49:51',2,2,NULL,0.00,0.00,1,'null'),(8412,222,0.00,'2023-03-04','18:30','Ruben','Trinidad',0.00,110.00,'1',1,0,'2023-03-01','21:42:55','2023-02-27','20:50:28',2,2,NULL,0.00,0.00,1,'null'),(8413,174,0.00,'2023-03-04','18:30','Rodrigo','Molina',0.00,157.00,'1',1,0,'2023-03-02','22:07:26','2023-02-27','20:50:50',3,2,NULL,0.00,0.00,1,'null'),(8414,187,0.00,'2023-03-04','18:30','Azucena','Perez',0.00,209.00,'1',1,0,'2023-03-01','21:44:54','2023-02-27','20:51:19',2,2,NULL,0.00,0.00,1,'null'),(8415,223,0.00,'2023-03-04','18:30','Abiud','Sanchez',80.00,80.00,'0',0,0,'0001-01-01','00:01:00','2023-02-28','21:05:16',NULL,3,NULL,0.00,0.00,0,'null'),(8416,149,0.00,'2023-03-04','18:30','Vicente','Santos',0.00,51.00,'1',1,0,'2023-03-01','21:41:42','2023-02-28','21:05:33',2,3,NULL,0.00,0.00,0,'null'),(8417,105,0.00,'2023-03-04','18:30','Taller','Alado',0.00,142.00,'1',1,0,'2023-03-01','21:43:28','2023-02-28','21:05:58',2,3,NULL,0.00,0.00,0,'null'),(8418,224,0.00,'2023-03-04','18:30','Lizbeth','Calderon',0.00,79.00,'1',1,0,'2023-03-01','21:40:47','2023-02-28','21:06:36',3,3,NULL,0.00,0.00,0,'null'),(8419,34,0.00,'2023-03-04','18:30','Irving','Lopez',0.00,112.00,'1',1,0,'2023-03-04','22:56:19','2023-02-28','21:07:04',2,2,NULL,0.00,0.00,0,'null'),(8420,225,50.00,'2023-03-04','18:30','Eduardo','Terrazas',0.00,50.00,'1',1,0,'2023-03-03','22:29:24','2023-02-28','21:07:44',3,2,NULL,0.00,0.00,1,'null'),(8421,6,97.00,'2023-03-04','18:30','Roberto','Cruz',0.00,97.00,'1',1,0,'2023-03-02','22:08:46','2023-02-28','21:08:12',3,2,NULL,0.00,0.00,1,'null'),(8422,226,103.00,'2023-03-04','18:30','Alina','Edith',0.00,103.00,'1',1,0,'2023-03-01','21:44:39','2023-02-28','21:08:58',2,2,NULL,0.00,0.00,1,'null'),(8423,227,100.00,'2023-03-04','18:30','Leticia','Jimenez',0.00,240.00,'1',1,0,'2023-03-03','22:30:26','2023-02-28','21:09:52',3,2,NULL,0.00,0.00,1,'null'),(8424,144,0.00,'2023-03-04','18:30','Francisco','Heras',0.00,66.00,'1',1,0,'2023-03-03','22:33:07','2023-02-28','21:10:21',3,2,NULL,0.00,0.00,1,'null'),(8425,29,0.00,'2023-03-04','18:30','David','Hernandez',0.00,50.00,'1',1,0,'2023-03-02','22:10:25','2023-02-28','21:10:43',3,2,NULL,0.00,0.00,1,'null'),(8426,228,120.00,'2023-03-04','18:30','Palet','Contreras',0.00,120.00,'1',1,0,'2023-03-02','22:10:09','2023-03-01','21:24:33',2,3,NULL,0.00,0.00,1,'null'),(8427,30,0.00,'2023-03-04','18:30','Noe','Hernandez',0.00,96.00,'1',1,0,'2023-03-04','22:53:46','2023-03-01','21:25:24',2,3,NULL,0.00,0.00,1,'null'),(8428,229,0.00,'2023-03-04','18:30','Wong','SA',0.00,205.00,'1',1,0,'2023-03-03','22:29:50','2023-03-01','21:25:53',3,3,NULL,0.00,0.00,1,'null'),(8429,54,0.00,'2023-03-04','18:30','Danilo','Ramirez',0.00,67.00,'1',1,0,'2023-03-03','22:28:54','2023-03-01','21:26:18',3,3,NULL,0.00,0.00,1,'null'),(8430,230,146.00,'2023-03-04','18:30','Milton','Baez',0.00,146.00,'0',1,0,'0001-01-01','00:01:00','2023-03-01','21:26:59',NULL,3,NULL,0.00,0.00,1,'null'),(8431,146,0.00,'2023-03-04','18:30','Romel','Medina',0.00,45.00,'1',1,0,'2023-03-01','21:43:55','2023-03-01','21:27:31',2,3,NULL,0.00,0.00,1,'null'),(8432,151,0.00,'2023-03-04','18:30','Hector','Franco',117.00,117.00,'0',0,0,'0001-01-01','00:01:00','2023-03-01','21:27:51',NULL,3,NULL,0.00,0.00,1,'null'),(8433,231,0.00,'2023-03-04','18:30','Alejandro ','Olvera',55.00,55.00,'0',0,0,'0001-01-01','00:01:00','2023-03-01','21:28:28',NULL,3,NULL,0.00,0.00,1,'null'),(8434,232,0.00,'2023-03-04','18:30','Sergio','Silva',120.00,120.00,'0',0,0,'0001-01-01','00:01:00','2023-03-01','21:29:05',NULL,3,NULL,0.00,0.00,1,'null'),(8435,233,0.00,'2023-03-04','18:30','Paola','Aviles',0.00,60.00,'1',1,0,'2023-03-03','22:29:36','2023-03-01','21:29:33',3,3,NULL,0.00,0.00,1,'null'),(8436,234,0.00,'2023-03-04','18:30','Ariel','Gonzalez',0.00,184.00,'1',1,0,'2023-03-03','22:30:41','2023-03-01','21:30:08',3,3,NULL,0.00,0.00,1,'null'),(8437,235,85.00,'2023-03-04','18:30','Soledad','Trujillo',0.00,85.00,'1',1,0,'2023-03-02','22:09:39','2023-03-01','21:30:54',2,3,NULL,0.00,0.00,1,'null'),(8438,236,90.00,'2023-03-11','18:30','Victor','Garcia',0.00,90.00,'1',1,0,'2023-03-04','22:54:17','2023-03-01','21:31:28',2,3,NULL,0.00,0.00,1,'null'),(8439,51,0.00,'2023-03-04','18:30','Isai','Martinez',0.00,57.00,'1',1,0,'2023-03-03','22:28:27','2023-03-01','21:31:50',1,3,NULL,0.00,0.00,1,'null'),(8440,16,145.00,'2023-03-04','18:30','Edwin ','Alvarez',0.00,145.00,'0',1,0,'0001-01-01','00:01:00','2023-03-01','21:32:15',NULL,3,NULL,0.00,0.00,1,'null'),(8441,237,0.00,'2023-03-04','18:30','Diana','Elizabeth',0.00,121.00,'1',1,0,'2023-03-03','22:31:31','2023-03-01','21:32:54',3,3,NULL,0.00,0.00,1,'null'),(8442,22,0.00,'2023-03-04','18:30','Uriel','Gomez',78.00,78.00,'0',0,0,'0001-01-01','00:01:00','2023-03-01','21:33:27',NULL,3,NULL,0.00,0.00,1,'null'),(8443,96,0.00,'2023-03-04','18:30','Emilio','Julian',0.00,88.00,'1',1,0,'2023-03-02','22:10:52','2023-03-01','21:33:48',2,2,NULL,0.00,0.00,1,'null'),(8444,141,0.00,'2023-03-04','18:30','Jose','Salvador',140.00,140.00,'0',0,0,'0001-01-01','00:01:00','2023-03-01','21:34:19',NULL,2,NULL,0.00,0.00,1,'null'),(8445,201,0.00,'2023-03-04','18:30','Rocio','Rodriguez',0.00,100.00,'1',1,0,'2023-03-03','22:31:47','2023-03-01','21:34:46',3,2,NULL,0.00,0.00,1,'null'),(8446,131,0.00,'2023-03-04','18:30','Andrea','Fuentes',0.00,63.00,'1',1,0,'2023-03-02','22:09:04','2023-03-01','21:37:54',3,2,NULL,0.00,0.00,1,'null'),(8447,238,0.00,'2023-03-04','18:30','Miguel','Ayuzo',0.00,64.00,'1',1,0,'2023-03-02','22:11:11','2023-03-01','21:38:47',3,2,NULL,0.00,0.00,1,'null'),(8448,53,0.00,'2023-03-04','18:30','Brayan','Aguilar',0.00,45.00,'1',1,0,'2023-03-02','22:09:55','2023-03-02','21:51:18',2,2,NULL,0.00,0.00,0,'null'),(8449,44,0.00,'2023-03-04','18:30','Viviana','Juarez',110.00,110.00,'0',0,0,'0001-01-01','00:01:00','2023-03-02','21:51:52',NULL,3,NULL,0.00,0.00,0,'null'),(8450,4,0.00,'2023-03-04','18:30','Maricarmen','Hipolito',172.00,172.00,'0',0,0,'0001-01-01','00:01:00','2023-03-02','21:52:17',NULL,3,NULL,0.00,0.00,0,'null'),(8451,48,0.00,'2023-03-04','18:30','Leonardo','Diaz',217.00,217.00,'0',0,0,'0001-01-01','00:01:00','2023-03-02','21:52:34',NULL,3,NULL,0.00,0.00,0,'null'),(8452,101,0.00,'2023-03-04','18:30','Roberto','Gutierrez',115.00,115.00,'0',0,0,'0001-01-01','00:01:00','2023-03-02','21:53:03',NULL,3,NULL,0.00,0.00,0,'null'),(8453,174,0.00,'2023-03-04','18:30','Rodrigo','Molina',182.00,182.00,'0',0,0,'0001-01-01','00:01:00','2023-03-02','21:53:26',NULL,3,NULL,0.00,0.00,0,'null'),(8454,239,0.00,'2023-03-04','18:30','Ebaristo','Bernal',0.00,120.00,'1',1,0,'2023-03-03','22:32:10','2023-03-02','21:54:15',3,3,NULL,0.00,0.00,0,'null'),(8455,98,0.00,'2023-03-04','18:30','Ricardo','Sibaja',127.00,127.00,'0',0,0,'0001-01-01','00:01:00','2023-03-02','21:54:40',NULL,3,NULL,0.00,0.00,0,'null'),(8456,111,0.00,'2023-03-04','18:30','Elizabeth','Vera',64.00,64.00,'0',0,0,'0001-01-01','00:01:00','2023-03-02','21:55:12',NULL,3,NULL,0.00,0.00,0,'null'),(8457,112,0.00,'2023-03-04','18:30','Cesar','Martinez',75.00,75.00,'0',0,0,'0001-01-01','00:01:00','2023-03-02','21:55:38',NULL,3,NULL,0.00,0.00,0,'null'),(8458,240,0.00,'2023-03-04','18:30','Aracely','Cruz',0.00,152.00,'1',1,0,'2023-03-03','22:32:41','2023-03-02','21:56:14',3,3,NULL,0.00,0.00,0,'null'),(8459,241,0.00,'2023-03-04','18:30','Rosario','Rivera',0.00,120.00,'1',1,0,'2023-03-03','22:33:28','2023-03-02','22:01:34',3,3,NULL,0.00,0.00,0,'null'),(8460,40,50.00,'2023-03-04','18:30','Esteban','Lopez',0.00,50.00,'0',1,0,'0001-01-01','00:01:00','2023-03-02','22:01:58',NULL,3,NULL,0.00,0.00,1,'null'),(8461,217,0.00,'2023-03-04','18:30','Juan','Miguel',193.00,193.00,'0',0,0,'0001-01-01','00:01:00','2023-03-02','22:02:21',NULL,3,NULL,0.00,0.00,1,'null'),(8462,242,0.00,'2023-03-04','18:30','Eder','Cortez',40.00,40.00,'0',0,0,'0001-01-01','00:01:00','2023-03-02','22:02:58',NULL,2,NULL,0.00,0.00,1,'null'),(8463,38,0.00,'2023-03-04','18:30','Noemi','SA',0.00,223.00,'1',1,0,'2023-03-03','22:34:32','2023-03-02','22:03:21',3,3,NULL,0.00,0.00,1,'null'),(8464,38,0.00,'2023-03-04','18:30','Noemi','SA',0.00,236.00,'1',1,0,'2023-03-03','22:34:14','2023-03-02','22:03:46',3,3,NULL,0.00,0.00,1,'null'),(8465,22,0.00,'2023-03-04','18:30','Uriel','Gomez',66.00,66.00,'0',0,0,'0001-01-01','00:01:00','2023-03-02','22:04:14',NULL,2,NULL,0.00,0.00,1,'null'),(8466,243,0.00,'2023-03-04','18:30','Margot','SA',120.00,120.00,'0',0,0,'0001-01-01','00:01:00','2023-03-02','22:05:01',NULL,2,NULL,0.00,0.00,1,'null'),(8467,244,0.00,'2023-03-04','18:30','Cristian','Cruz',0.00,97.00,'1',1,0,'2023-03-04','22:53:59','2023-03-02','22:05:36',2,2,NULL,0.00,0.00,1,'null'),(8468,100,0.00,'2023-03-04','18:30','Manuel','Gomez',127.00,127.00,'0',0,0,'0001-01-01','00:01:00','2023-03-02','22:05:58',NULL,2,NULL,0.00,0.00,1,'null'),(8469,49,120.00,'2023-03-04','18:30','Camilo','Reyes',0.00,120.00,'0',1,0,'0001-01-01','00:01:00','2023-03-02','22:06:43',NULL,3,NULL,0.00,0.00,1,'null'),(8470,13,0.00,'2023-03-04','18:30','Cesar','Mendoza',100.00,100.00,'0',0,0,'0001-01-01','00:01:00','2023-03-03','22:18:46',NULL,1,NULL,0.00,0.00,0,'null'),(8471,12,0.00,'2023-03-04','18:30','Jorge','Luis',107.00,107.00,'0',0,0,'0001-01-01','00:01:00','2023-03-03','22:19:07',NULL,3,NULL,0.00,0.00,0,'null'),(8472,245,0.00,'2023-03-04','18:30','Jairo','Hernandez',0.00,309.00,'1',1,0,'2023-03-04','22:56:33','2023-03-03','22:19:43',2,3,NULL,0.00,0.00,0,'null'),(8473,61,0.00,'2023-03-04','18:30','Rosa','Ramona',89.00,89.00,'0',0,0,'0001-01-01','00:01:00','2023-03-03','22:20:00',NULL,3,NULL,0.00,0.00,0,'null'),(8474,246,0.00,'2023-03-04','18:30','Neftali','Rabiel',0.00,63.00,'1',1,0,'2023-03-04','22:55:15','2023-03-03','22:20:47',2,3,NULL,0.00,0.00,0,'null'),(8475,247,157.00,'2023-03-04','18:30','Catalina','Manzano',0.00,157.00,'0',1,0,'0001-01-01','00:01:00','2023-03-03','22:21:34',NULL,3,NULL,0.00,0.00,1,'null'),(8476,248,220.00,'2023-03-04','18:30','Claudia','SA',0.00,220.00,'0',1,0,'0001-01-01','00:01:00','2023-03-03','22:22:06',NULL,3,NULL,0.00,0.00,1,'null'),(8477,57,0.00,'2023-03-04','18:30','Candy','Martinez',139.00,139.00,'0',0,0,'0001-01-01','00:01:00','2023-03-03','22:22:35',NULL,3,NULL,0.00,0.00,1,'null'),(8478,118,0.00,'2023-03-04','18:30','Oscar','Fernandez',187.00,187.00,'0',0,0,'0001-01-01','00:01:00','2023-03-03','22:23:13',NULL,3,NULL,0.00,0.00,1,'null'),(8479,239,0.00,'2023-03-04','18:30','Ebaristo','Bernal',0.00,95.00,'1',1,0,'2023-03-04','22:55:34','2023-03-03','22:23:40',2,3,NULL,0.00,0.00,1,'null'),(8480,249,0.00,'2023-03-04','18:30','Zoila','Velazco',0.00,100.00,'1',1,0,'2023-03-04','22:53:16','2023-03-03','22:24:18',2,3,NULL,0.00,0.00,1,'null'),(8481,250,0.00,'2023-03-04','18:30','Edgar','De Jesus',0.00,90.00,'1',1,0,'2023-03-04','22:53:04','2023-03-03','22:25:19',2,3,NULL,0.00,0.00,1,'null'),(8482,251,0.00,'2023-03-04','18:30','Adrian','Patricio',120.00,120.00,'0',0,0,'0001-01-01','00:01:00','2023-03-03','22:25:55',NULL,3,NULL,0.00,0.00,1,'null'),(8483,176,0.00,'2023-03-04','18:30','Michelle','Escalona',0.00,45.00,'1',1,0,'2023-03-04','22:52:06','2023-03-03','22:26:15',2,3,NULL,0.00,0.00,1,'null'),(8484,252,0.00,'2023-03-04','18:30','Eduardp','Ivanes',154.00,154.00,'0',0,0,'0001-01-01','00:01:00','2023-03-03','22:27:04',NULL,3,NULL,0.00,0.00,1,'null'),(8485,171,0.00,'2023-03-04','18:30','Cristina','Manzano',195.00,195.00,'0',0,0,'0001-01-01','00:01:00','2023-03-03','22:27:28',NULL,3,NULL,0.00,0.00,1,'null'),(8486,60,0.00,'2023-03-04','18:30','Roberto','Hernandez',75.00,75.00,'0',0,0,'0001-01-01','00:01:00','2023-03-04','22:42:19',NULL,2,NULL,0.00,0.00,0,'null'),(8487,253,0.00,'2023-03-04','18:30','Guadalupe','Nogales',63.00,63.00,'0',0,0,'0001-01-01','00:01:00','2023-03-04','22:43:26',NULL,2,NULL,0.00,0.00,0,'null'),(8488,47,0.00,'2023-03-04','18:30','Jose','Hernandez',166.00,166.00,'0',0,0,'0001-01-01','00:01:00','2023-03-04','22:43:56',NULL,2,NULL,0.00,0.00,0,'null'),(8489,69,64.00,'2023-03-04','18:30','Miguel','Plaza',0.00,64.00,'0',1,0,'0001-01-01','00:01:00','2023-03-04','22:44:33',NULL,2,NULL,0.00,0.00,1,'null'),(8490,94,0.00,'2023-03-04','18:30','Jaime','Ramos',134.00,134.00,'0',0,0,'0001-01-01','00:01:00','2023-03-04','22:45:22',NULL,2,NULL,0.00,0.00,1,'null'),(8491,254,0.00,'2023-03-04','18:30','Irving','Velazquez',57.00,57.00,'0',0,0,'0001-01-01','00:01:00','2023-03-04','22:45:55',NULL,2,NULL,0.00,0.00,1,'null'),(8492,255,0.00,'2023-03-04','18:30','Carlos ','Munoz',110.00,110.00,'0',0,0,'0001-01-01','00:01:00','2023-03-04','22:46:57',NULL,2,NULL,0.00,0.00,1,'null'),(8493,65,0.00,'2023-03-04','18:30','Elena','Martinez',45.00,45.00,'0',0,0,'0001-01-01','00:01:00','2023-03-04','22:47:22',NULL,2,NULL,0.00,0.00,1,'null'),(8494,256,50.00,'2023-03-04','18:30','Humberto','Robles',0.00,50.00,'0',1,0,'0001-01-01','00:01:00','2023-03-04','22:48:02',NULL,2,NULL,0.00,0.00,1,'null'),(8495,56,75.00,'2023-03-04','18:30','Jonathan','Diaz',0.00,75.00,'1',1,0,'2023-03-04','22:56:49','2023-03-04','22:48:35',2,2,NULL,0.00,0.00,1,'null'),(8496,204,0.00,'2023-03-04','18:30','Liliana','Vazquez',102.00,102.00,'0',0,0,'0001-01-01','00:01:00','2023-03-04','22:49:18',NULL,2,NULL,0.00,0.00,0,'null'),(8497,135,0.00,'2023-03-04','18:30','Valentina','Gallardo',108.00,108.00,'0',0,0,'0001-01-01','00:01:00','2023-03-04','22:49:45',NULL,2,NULL,0.00,0.00,0,'null'),(8498,90,0.00,'2023-03-04','18:30','Liliana','Alto',438.00,438.00,'0',0,0,'0001-01-01','00:01:00','2023-03-04','22:50:06',NULL,2,NULL,0.00,0.00,0,'null'),(8499,178,0.00,'2023-03-04','18:30','Monserrat','Aparicio',60.00,60.00,'0',0,0,'0001-01-01','00:01:00','2023-03-04','22:50:45',NULL,2,NULL,0.00,0.00,0,'null'),(8500,136,0.00,'2023-03-04','18:30','Gerardo','Noe',45.00,45.00,'0',0,0,'0001-01-01','00:01:00','2023-03-04','22:51:08',NULL,2,NULL,0.00,0.00,0,'null'),(8501,216,0.00,'2023-03-04','18:30','Ruth','Mendoza',48.00,48.00,'0',0,0,'0001-01-01','00:01:00','2023-03-04','22:51:38',NULL,1,NULL,0.00,0.00,0,'null');
/*!40000 ALTER TABLE `notas` ENABLE KEYS */;
UNLOCK TABLES;

--
-- Table structure for table `precios`
--

DROP TABLE IF EXISTS `precios`;
/*!40101 SET @saved_cs_client     = @@character_set_client */;
/*!50503 SET character_set_client = utf8mb4 */;
CREATE TABLE `precios` (
  `idprecios` int(11) NOT NULL AUTO_INCREMENT,
  `nombre` varchar(45) NOT NULL,
  `precioU` decimal(10,2) NOT NULL,
  `precioPromocion` decimal(10,2) DEFAULT NULL,
  `cantidadMinima` decimal(10,2) DEFAULT NULL,
  `fechaCreacion` date NOT NULL,
  `usada` int(11) DEFAULT '0',
  `estado` int(11) DEFAULT '0',
  `especificaciones` varchar(150) DEFAULT NULL,
  PRIMARY KEY (`idprecios`)
) ENGINE=InnoDB AUTO_INCREMENT=12 DEFAULT CHARSET=utf8mb4;
/*!40101 SET character_set_client = @saved_cs_client */;

--
-- Dumping data for table `precios`
--

LOCK TABLES `precios` WRITE;
/*!40000 ALTER TABLE `precios` DISABLE KEYS */;
INSERT INTO `precios` VALUES (1,'Kg ropa',15.00,NULL,NULL,'2023-01-30',0,0,'Kilos de ropa'),(2,'Toalla',10.00,NULL,NULL,'2023-01-31',0,0,'Toallas grandes'),(3,'Comodin',1.00,NULL,NULL,'2023-01-31',0,0,'Precios raros'),(4,'Cobija Matrimonial',50.00,NULL,NULL,'2023-01-31',0,0,'Cobija tamaño matrimonial'),(5,'Planchado',10.00,NULL,NULL,'2023-02-01',0,0,'Pieza para planchar'),(6,'Gancho',2.50,NULL,NULL,'2023-02-01',0,0,'Gancho por pieza para planchar'),(7,'Docena Planchado',108.00,NULL,NULL,'2023-02-02',0,0,'Docena planchado precio promocional'),(8,'Cobijas Promocion',120.00,NULL,NULL,'2023-02-02',0,0,'3 cobijas por 120'),(9,'Kg ropa interior',17.00,NULL,NULL,'2023-02-04',0,0,'Ropa con ropa interior'),(10,'Sabana',15.00,NULL,NULL,'2023-01-01',0,0,'Sabana'),(11,'Domicilio',18.00,NULL,NULL,'2023-02-11',0,0,'Costo adicional ');
/*!40000 ALTER TABLE `precios` ENABLE KEYS */;
UNLOCK TABLES;

--
-- Table structure for table `usuarios`
--

DROP TABLE IF EXISTS `usuarios`;
/*!40101 SET @saved_cs_client     = @@character_set_client */;
/*!50503 SET character_set_client = utf8mb4 */;
CREATE TABLE `usuarios` (
  `id` int(11) NOT NULL,
  `usuario` varchar(45) NOT NULL,
  `pass` varchar(45) NOT NULL,
  `nombre` varchar(45) NOT NULL,
  PRIMARY KEY (`id`)
) ENGINE=InnoDB DEFAULT CHARSET=utf8mb4;
/*!40101 SET character_set_client = @saved_cs_client */;

--
-- Dumping data for table `usuarios`
--

LOCK TABLES `usuarios` WRITE;
/*!40000 ALTER TABLE `usuarios` DISABLE KEYS */;
INSERT INTO `usuarios` VALUES (1,'LavanderiaGL','LavanderiaGL','uno');
/*!40000 ALTER TABLE `usuarios` ENABLE KEYS */;
UNLOCK TABLES;
/*!40103 SET TIME_ZONE=@OLD_TIME_ZONE */;

/*!40101 SET SQL_MODE=@OLD_SQL_MODE */;
/*!40014 SET FOREIGN_KEY_CHECKS=@OLD_FOREIGN_KEY_CHECKS */;
/*!40014 SET UNIQUE_CHECKS=@OLD_UNIQUE_CHECKS */;
/*!40101 SET CHARACTER_SET_CLIENT=@OLD_CHARACTER_SET_CLIENT */;
/*!40101 SET CHARACTER_SET_RESULTS=@OLD_CHARACTER_SET_RESULTS */;
/*!40101 SET COLLATION_CONNECTION=@OLD_COLLATION_CONNECTION */;
/*!40111 SET SQL_NOTES=@OLD_SQL_NOTES */;

-- Dump completed on 2023-03-05  8:06:53
